#include "number.h"
float3 number::randcoloring[1024] = {float3(0.92516204131982522956380020607965354717394478709255, 0.97308966032643034913377362399890192938695253459683, 0.55384333677152798990161434489284143159615656079058),
                             float3(0.22975181888896880857234445578147305941688434164107, 0.62453361096943750629521480411347744468309767871118, 0.37065475686356414814433843805499967040173082399080),
                             float3(0.11504823699016548895422924307043883473208113208922, 0.66875915578699051053015965469983137200991818380730, 0.67165756047046064559915280379480729378069099673198),
                             float3(0.85681260091443599518946218486983529002695108879892, 0.96821234039256316119054564561426723748388544929267, 0.32512348845261550972084649329094217164609255524776),
                             float3(0.09601143603994986824514603775357995552717667151777, 0.80015968224749875368117637719601252687730425243697, 0.41930008066819245900420773642631066300671075415513),
                             float3(0.94189268858509148010651374078957193058046424181588, 0.41476993525777213067842286058801475470017073381947, 0.31269904870523943496025799608979727653362078474028),
                             float3(0.20928302392574596488700094251901614195528568538011, 0.93168073642273170810369809977337272285245619377137, 0.67329370849570059551783243357371550499593555138103),
                             float3(0.25139752921847023357070449780685545675221890839129, 0.03596411864909696774217741273558795577224638762537, 0.52482161982006299659071918570161834207599826377140),
                             float3(0.61830046398046784478576912701775115768822308316172, 0.37683101495764204862669566258687004006109198499233, 0.22992677432383720403528045851256228759725626382243),
                             float3(0.08130157236870330575810229580327003150676260058328, 0.21532912008708048492033601004055799457744007025849, 0.80900510913608088414483994160188099573559520517712),
                             float3(0.58651977004187127761784687580975862590092355261041, 0.60233669923873989372345348007623842226179278548667, 0.79517328196993099188406123384510058245380927596486),
                             float3(0.44810756185617944751652759046341155496457937952763, 0.41789866348253802608323543229028462008068069899338, 0.02407438451948260256349732579417007386727136673406),
                             float3(0.86752115471772808590619994814391520495522237057991, 0.80186879943111436805011981576991858870728044305187, 0.72248918197376419728610401474272482408262668069007),
                             float3(0.33679843505508626652323855938943146421791907886689, 0.11016775153585018954772791768349837529649508104205, 0.80925093136425635411323365833061740937150258598951),
                             float3(0.35553691556766577964161498658455225849890189057708, 0.97568298162800588065750587432002341192715444991305, 0.35354236796715233717471855009375607578234969707702),
                             float3(0.71749304603475066076760931765927108216010959094782, 0.47701582654570215275903473429977432018633460380399, 0.00931843295000058903615404645829643935553840987355),
                             float3(0.83227613157602468459413493695015434742719423066404, 0.88706955862021416133398818934985396444441004423312, 0.10499309907942505426036289866999053771649784605134),
                             float3(0.62794486111552690649506973307381644396141910609140, 0.83865664409992189590112690506558388737496610128429, 0.83099377744685395857370383356657859642304194557102),
                             float3(0.62964567724627321814722079682188809883720466095905, 0.35530910663243423795423361107258311765252820800849, 0.67846097334868300994400861175514072082688803417978),
                             float3(0.46024741116974560274774927278893373696315703484932, 0.27283140419017116882277830072883992330860580596985, 0.57760800566393108422463695112731447537588776977076),
                             float3(0.14327946495201277644902854933926768717002088118121, 0.03347907606492726236485489666641359368860080651844, 0.57815957996656543543430292456797627212538052479153),
                             float3(0.75739962747238085546167672862881625177185729143053, 0.88388745933014433857961645007323539873670312215690, 0.64725380958928259126375652826041452035359188391530),
                             float3(0.06570641649003900980988845201059973241020626837520, 0.21470794452164401390952716898288534847544039626283, 0.72987337940975923905530518407975506305689288086190),
                             float3(0.09826036633588585263799237398662923641804410461962, 0.40385001179957532546627180363327229281428244291184, 0.80321310865863839715758120001427069378524838562589),
                             float3(0.20184570985639595732757052043241729182546113753404, 0.29451584499572669266108065542195292889137407323158, 0.94540706692598125056108119072989633915557843534888),
                             float3(0.23312708068599507521536555943903517584177749988207, 0.32020621075599640204268328994322198825439616090778, 0.82272501184929344305663466435892386637279824119513),
                             float3(0.81484448776731883520704278229068741448365899053455, 0.38082750636932649467176262508156271862293201036485, 0.39602487683171423339057474659053571948078967162177),
                             float3(0.80655774288544626073941504934590131147704158426813, 0.97830738627178237727594737966360701488830873494946, 0.68816446388047830114127138777569652296515319452935),
                             float3(0.87929266678465584154348188792345015722650958289080, 0.85377530845995083612507445707530459526830311845173, 0.57513950903640641391693939422085770484898037540109),
                             float3(0.23714521147444937438173422359990285676730181180502, 0.96866194710810126749102390264583379766254142985865, 0.16546862673334790222641656594379422154941046305744),
                             float3(0.66936964345025893808552722194449981764735499747658, 0.78692098975007071448514621926975941322268768726389, 0.62989554985588035777952957653414521441378952559920),
                             float3(0.00801769100784747150806035785311403045591072693121, 0.38378973768419166658428578006162655883377841429177, 0.14222186082248104212325658328510847967587488114543),
                             float3(0.84488668357243495589281743451478205683588085403498, 0.80669374860399163311802876149423101905997646550421, 0.34146260965448477050108734080431358726364554471556),
                             float3(0.52244366210459344859380977519074269248434936894893, 0.95868335566478201613746507140841244439957804118243, 0.72199436832115204650268038586109494888004722857666),
                             float3(0.14720493073317643103413342207481505548379938986008, 0.33136855186538836030410801014318056783177948098822, 0.69346691801116244468221422549609040427704224995353),
                             float3(0.22260725701610913542587464624894131566772137250352, 0.53777009056592280188140084493168930877323391428394, 0.76019459925559591476807953013491054586618724493597),
                             float3(0.65077506796591871363815630476810952724948142228570, 0.44708573617475176765316855624813227065358879297390, 0.45399340650076958917475828254908249618440237930515),
                             float3(0.11414400445135337395662558620137339277742380260987, 0.09300430208091007072149487813024230213892156774764, 0.13109209775325677271729643034190733161123916899924),
                             float3(0.13450616526192347884304955930926729934454165316545, 0.40700710016421258679877001363007979836797212042009, 0.27293060913018114944893318281843165358238294264432),
                             float3(0.70821838237767324953196319150842032121181181931419, 0.63272675246657116853122945759220220203226810199456, 0.55015205640036103491091444564757024267812398945070),
                             float3(0.38460632981951034686884342316861791352341444254850, 0.72850465947262002968245606570446874489683072054517, 0.23467427036648910931114660616492666213545431075178),
                             float3(0.27123497737887015645383018713680014677193995542471, 0.82393340239363136324462172488412987630794596790882, 0.56617298762537343955112933591297842830095325981121),
                             float3(0.79397029084186350943243121822231777031519464177240, 0.30383066155644814988660396963708955140049279536703, 0.24623379367349258372497982350497628083669290765809),
                             float3(0.49047630399009771451457918241526755370790499325792, 0.33297810209631238854015635176504746637683250432916, 0.05831100558903918844902782384109274014523675981878),
                             float3(0.33857875585247252876423372244298619232126137656790, 0.78866982805693355499226600486622345683191415400567, 0.78840773394324642322909031150457968361918702656281),
                             float3(0.96467500173772924196094939220513488859733644298670, 0.06210695536640723450241561850047571332973266176666, 0.16210788996444945928976696318333985773374013402555),
                             float3(0.35939196680337055347812955057409833359760322729454, 0.35901763779081851942937626305892260392860923041863, 0.00817460496053972797761134677091892432599184595406),
                             float3(0.36805783133934969374247466098456938630816380145921, 0.96265694213987788241347365574440999815368881902630, 0.38835083030531307739595378565471679388649450937203),
                             float3(0.37622328168824388578561722631911063143780441507972, 0.92601892439751455145855065578880731328434278526226, 0.72554339206236241143746797724886371871344946440137),
                             float3(0.28037144880796482775363709232297814412947722657907, 0.39774504163123164392873977303563526265485379832807, 0.61050341939804446766089023148644989499978853263057),
                             float3(0.99641358260281370436809209304702688397154510362107, 0.32536254221209012614712156150700109241318329693834, 0.75544614038398316267125202397195485636698676436902),
                             float3(0.60733190562023780217753750605577643185198108302612, 0.28586132775427643261973538580701795777428614474437, 0.74670035093325703775004383189873031707024135359102),
                             float3(0.11123249024435829115169609778416949847458673053308, 0.61440818481870262972589135508115446595788408106769, 0.09846974856319274217960457467674029181002029434791),
                             float3(0.17668773515003403258185882107777111107328961717759, 0.76457767649269023509887357612946045969621034234819, 0.82869279219188638652923982789920939829480653538669),
                             float3(0.09525856753794715788679433877446390659521161410398, 0.75820773722908408731612792760805832635182902623092, 0.56479114390687146711756491839734348590294538734921),
                             float3(0.10286551828461888348633638483329492504917256079357, 0.21581058587945067651083150490129468039815301348972, 0.36046513889241823845130801356411996668116308737875),
                             float3(0.16011500427993664733634662134671550994157235987830, 0.73636514789845629420448639288711439011792516930259, 0.59613654467833958994330458595083136433577905045287),
                             float3(0.99002529309911967500529877439848570375085960678576, 0.89583469043225366960226287565093894984578818890019, 0.06278884030230783558380229139958510392449742230806),
                             float3(0.21239369197976754165630319451694033305444765116599, 0.04423004294208488824664338386535807198958456548298, 0.74276310554442654485964094807315332048027396646373),
                             float3(0.47356788809293423863428951056994066965257126037008, 0.86278689252837974016309759397736871691973690259839, 0.83251073512472157397448748570781123945690645489374),
                             float3(0.64360462788058085123377276782212229346236651974858, 0.14258747662229294373992274311152167674064575913364, 0.64229231465958062738936773966720606683456801075402),
                             float3(0.27108204760169080739404357600223982295127171163256, 0.54368719278929177327114172721744673379526733694057, 0.76122297783391457542827862559367849701958255289869),
                             float3(0.81912682557242435199340558120251362414259840688954, 0.06926158709171270226769177166286224228781980145234, 0.04611453000056412663534610842042608768601328644977),
                             float3(0.19628412704654189420485596329532566434753691824927, 0.47440520377660833894884938137626596999107096340307, 0.74768077451847749684808258773778365567854999722203),
                             float3(0.36493002114712932887448531304426779626823467793870, 0.45791552723039804596350066763917791231941004763215, 0.00603677062289186298895860102746998498941804179406),
                             float3(0.67162758302746433177554170027692063247772681472531, 0.33263370369231534663079118696199088497372347804898, 0.15973902902774791151803668104352654051389225800836),
                             float3(0.25477950780363539357710774925713119244514845877716, 0.47266390692946459701652619071416959602452147824143, 0.23305816809887454689425696975954383235817589366370),
                             float3(0.16073763243042769799098988517297517011522127754979, 0.08242064830986355628190808624600352283830390306737, 0.20684579856724803006282600577436362277295527410089),
                             float3(0.72417463678497758591223243141560803426255506264088, 0.33128435832944471216740095524547704031503554363397, 0.91007312203583975805527974183346140729414587065907),
                             float3(0.47504062400508706294972971509321924496758310118102, 0.43474613239702484175945610163099127239334494705139, 0.37074424476226040297950424629609948399634783442724),
                             float3(0.61969002735133816310852100567183047586192708049887, 0.58700090485780874198773711432855602680890731200053, 0.43133324806441660113866757643292339520495550801761),
                             float3(0.64257238228776639213169863817750045768228091635627, 0.85211040103681302197281186497432658460732613748046, 0.53771543393644089280879329926834632290418770046352),
                             float3(0.00432646197134634118360822429207099631302081638238, 0.23502835294054726249141283732641218239668348053679, 0.57659387464512922519211418504140826301022410736829),
                             float3(0.03592168963059652869194514281707252331254066027937, 0.27289281807434758960232573685498399896686242536481, 0.20303912855796205449014747897067531960319604669322),
                             float3(0.09405928786659066463311084041618955017752673566087, 0.90052814602036678096322072675632854232885040568603, 0.73214817080942461119875709791802332779482394034048),
                             float3(0.42723272935956931316618294408930448120319372896455, 0.58211059681358232402722989663266426954937913325598, 0.63828962472393029399283552941436890461434701392183),
                             float3(0.08436719732850930844281370985696675141345202494728, 0.80259247298453813245245989030211906648585974186251, 0.25778183787295639355155162194931720660362749667620),
                             float3(0.99661397317000850940512114847810568332855320161599, 0.64423814079713290188906861613387231067227151501776, 0.77082144008094738182358019018694975420608120063341),
                             float3(0.37285568674482981200589036960977065618795859293754, 0.99846276321446270092164715934519043576614168714651, 0.56990066963670798188377996604103168056855465404452),
                             float3(0.56023861795445903499410639246153122683534410841361, 0.56582084529306711814376174415247946981186495083926, 0.10411967000451020920610812073261860279035179800133),
                             float3(0.77466348091326177836445330155000428141781178902621, 0.15734928018992879596650747743419579847520145331974, 0.66444865865917144429282364123016866623239895381790),
                             float3(0.78721331375814257225960895314716914110628353668430, 0.88527035226965087339753487187630191953140467087002, 0.19676091106344250800023371435708004482601585656150),
                             float3(0.24847438978238508259283126074655867416927053005831, 0.09937308746763775380519419973216742886718406252239, 0.14470288208536886287454430262818246811842682710772),
                             float3(0.05884369506173547650658529466670967394691275895770, 0.00065974454960156096733959448404298637437177156801, 0.53611605531916550300042089558925161801246542933832),
                             float3(0.10624260686297118939487273950427551941634573799375, 0.69850125414985363167257365814959268572503488836581, 0.67124467775603051911763324901230079122722394217068),
                             float3(0.83872462043742096390270015034772228543051846662905, 0.12980179380726366895502574580966134122976709092745, 0.15795348803302225942278058848557670195885181482445),
                             float3(0.73607053448331434857863405484038061584832648692627, 0.82854929659096140641001630484145194979426137964407, 0.29343523270180038885741729113439502618303399698881),
                             float3(0.11590201283462664983129624819382885181652521967667, 0.93436676440410569046638152841094642008589258390589, 0.64532594423395900577425050494911169096273473139137),
                             float3(0.25507741184139820015242539736475163725063193332334, 0.17270741294742599834963987335169754018167001231099, 0.38449165073432729154531085011565693695108414090663),
                             float3(0.76747734827811190477905465881596539960114570080360, 0.28369326385860863944139924162080463519517498065079, 0.39232664317292665714419177887841688550728130480707),
                             float3(0.63961448882200981573758640602648969185924264236365, 0.18161234091078039666276669880563303157770817827400, 0.26524195237795213390587401823057668221759573059401),
                             float3(0.93431863399060828983503611786568797882960673439532, 0.37204041097078997193790514301382862904387153581755, 0.28686149034694390578925434675788897899283474328887),
                             float3(0.82439492115774566367338035274627763853941492560434, 0.96429690142357081848112231418817716984789727502760, 0.23559780294529500656115785791436501985381657501423),
                             float3(0.24419668342006980907615750045824192788083174163466, 0.36292630494490003339416613804938173832206506077208, 0.32056445554165950779405940973657934918457897273792),
                             float3(0.21482608313654749819755887505948633010298701798860, 0.80134103655707494951633603954792578634882275978652, 0.57645090204044889627122575279615411928381569283706),
                             float3(0.98408841236770897470125359095270367406178725453488, 0.56357035035890268829978747628878484553297345723059, 0.70860760579245606107395609509255289319963663670754),
                             float3(0.62939221094442661958495425784726116557881610508373, 0.42160449024346422178061385176362831934072204292086, 0.95447772097246764674872113831662805799170497393657),
                             float3(0.62895370116694173035801951505181832297776684603772, 0.20108257378732899764910812811978422765115562179686, 0.29215308466233994293635336190718672630160212800477),
                             float3(0.44095589284756852561898383447765184271682662198437, 0.45237967679725904927961812244408939961561081496310, 0.17939547959522089594745771995871989451463272365618),
                             float3(0.26335068469192281296656775293013408389919351206151, 0.20732155144183407225913222378996461930767149778497, 0.57845262335334472423387482117161231087104039255034),
                             float3(0.24928056906273334796132243005265299850889571335654, 0.32582485547495718000734921360330113263291936690561, 0.20949722287993097293078574710765470131650423119245),
                             float3(0.95789821854992621790515270611889791311305788730949, 0.47477732168661557331829141900267460171482108443408, 0.08095142051154582177190612510912053915128433807794),
                             float3(0.22067821168214166820400462412753047650604635399182, 0.54811873634870042050230640086730162712666784021791, 0.92964744327644438621086968029342664326137252404376),
                             float3(0.14575933093352897572668666901035735660532950617496, 0.23395866633710952585805639216634803358307555838629, 0.60959267773996687291995133813418398185687302019354),
                             float3(0.00914734425415203332660262615397752244249089911597, 0.90567922972504792615511974243243925795433333114769, 0.22951913840096934513294491667686397364158527191129),
                             float3(0.37681809645114104941757886142486491868489034773289, 0.69617029330361290142298744445807618922568919725271, 0.79869603939963514981837784568272050130172188133820),
                             float3(0.52012962160832238151001400788255711590741936498745, 0.62369071626633402870504011972908605619802099145541, 0.20825064861089190294664098474127131747587625301311),
                             float3(0.34070266701011055641974291366787274604948472086010, 0.11723620202734048225242148062698931070595203456736, 0.90851557588699892922728232253154522245716276761396),
                             float3(0.96923439303310371300279401284853897070114771027563, 0.38116276319228803421850293822963035254006100068020, 0.05837845878038802801981295305587202236630172518126),
                             float3(0.02965061384556156517646840423769919252665783898580, 0.96158603207028958491726815961491939805560844155443, 0.99510669647801973681715998891455992516484889237634),
                             float3(0.52695441279681360594098637213325862390462610395298, 0.96728309690049830530976365918979538203958902929992, 0.94959202908745593218790360199179366307267620852243),
                             float3(0.95914757552112340094066485998561835830387085533314, 0.82187611112291174056808703729067247459980862186416, 0.63375765143806259552559292345892846117763145698716),
                             float3(0.35636036661117323910507170791469021701770104399357, 0.16299620498359176306688107218459214674431942638305, 0.40350676152676930758422512823162994603615716615784),
                             float3(0.49028661269198108425778419726038390204553994416447, 0.96511188365799033231442375364214609117244108844852, 0.57092051418737095760339591118285827544257890238582),
                             float3(0.44413004575214004254447947717163722686944559816082, 0.54119027389131326599141630972676701025734515837048, 0.31499224698545830873513490653757339084839798953593),
                             float3(0.10291474804875115466359306062638826393244328023621, 0.65269648760604699871036025484019917739502525599270, 0.71367438149095638409895715723703843498567790150737),
                             float3(0.02979041184145530329030720370140713808775290640348, 0.60202226337963090901927671555306571951798636150707, 0.08215742142079619478199284158777760513462554009031),
                             float3(0.56713475972230734756169642223375634234560630575363, 0.48958670137691684165406317216262619109191446575958, 0.94410774879235346972568815084773829973819256153083),
                             float3(0.47724527098956653606555036149046922418803623653602, 0.77463711214028319756891204581395037770275384403061, 0.94233564421496581223589260463659008176968127590534),
                             float3(0.46335921315875768648047866413453375274367712946531, 0.79378836194752587780652117208544050753509937673449, 0.54690088846772318317193014621693411616625670318096),
                             float3(0.09128511753302289180788676911657740075121740086578, 0.74999242645889362353752156141147724490643842756657, 0.37233797794353684624188920801907422798076726683151),
                             float3(0.43406492776345973685223826674349568573952406673275, 0.47103762913523046156134432232538214698823975698564, 0.17772553672094960053915012869826998612795651333105),
                             float3(0.10417460485967872551774993574431579758219933214460, 0.01579710720950411060769944368163385257332475296147, 0.55896931472369096153548888653537873413513942143531),
                             float3(0.06277096097064054904150446280601216379628003623804, 0.46344133936562995605482558672462354641212231116402, 0.77802608418995458636049282082650511180784928483493),
                             float3(0.11646755508501102677435592844443599568939063005728, 0.47014699539887847141573762063423338835651461857271, 0.88857913924170398554916919391747076532181535178027),
                             float3(0.84962111668118851081011804475304154187301340944741, 0.26025275586086744929300386298891067483641174552774, 0.04044385170626190577899272919053118958518907142048),
                             float3(0.80836407832859670009943441249537189854663638550815, 0.16845265273798264056097446327407700349801776291821, 0.84888657824251146315653405259578457926841601273375),
                             float3(0.96110385378765123633249885991816433524317268606402, 0.63458745108589190292553371467335856863218427593161, 0.03507894674852063701148066646997059965062934764404),
                             float3(0.81566228647039564182818878816952393943684924871894, 0.58934484117388123127208792267901817907883363524894, 0.27849537573779433148572847663770065027731196749129),
                             float3(0.69970938120663905680661847591809335161258128487690, 0.78672066781383318414602500991856236162731030997098, 0.92491643752259438645995985621048875580952210304723),
                             float3(0.78383267810236117313548458377358903301181479006594, 0.25464769475250958340272885886143427631096538626846, 0.92054962436016808561578935829159379012648164469593),
                             float3(0.85939766562808291736718881345122772678364059784207, 0.12439384097839204633434738483010122224318109662322, 0.45175631147579004327591563519692920555313408468348),
                             float3(0.56483961364382957917286582393998082422544832844779, 0.14704575387422043531884482414361939285139259525614, 0.77863668568038844721439686748572425737108226862095),
                             float3(0.47386512248205789841581850415827513949155679442548, 0.40735339428528071709826155350970366997767924686011, 0.05301427063195092081593001910392936207280442830942),
                             float3(0.07800872570040026966814012085361330953727649532724, 0.81018541987777728179689495161762700772225459140076, 0.11377098940647944600948136698630102336215922392825),
                             float3(0.07820263574436003286596581490047668066631025920001, 0.55611701898354499100114993720034066179706700377223, 0.78416818047246163373375767440415627700089902363134),
                             float3(0.58245062573221714422162357961772994369823230340288, 0.09879927299792989469889447204297205969098674617042, 0.88892395262535237033054635281396686745776168339673),
                             float3(0.40886146462584583924916645152204195454456311132149, 0.18664976759895875645583302987400128457113233188044, 0.23925452078757658650575211766276759117482194771695),
                             float3(0.90465663283095696551945050135252343050617433187739, 0.26164564399701454798691649865911369968813952570967, 0.66220251337725544058887411603634512945831595764866),
                             float3(0.41121117665276141662029938076384077329072284227601, 0.92722963020399324382910027604998841462292148418619, 0.28123528456798812999890994653783228814958165505026),
                             float3(0.54695524985869529267307361950736163651878129105253, 0.18203989355643798905586666155396129142451337834179, 0.48393632863058654592462536655198760853371227527482),
                             float3(0.78094636138664727824789977829924328898183311110434, 0.91768052159875610013799850171725836807718712141431, 0.07509034496337044093998225972781726537690201865392),
                             float3(0.49316803183809795017000777239712282046590608584392, 0.83641559416709124554458031187027726056102789618057, 0.64285485345474270481661998381817960449071710562161),
                             float3(0.14103168322013003225955483381098013256307462174973, 0.77521966595390851071711289599849137295568357283510, 0.84101059459981015471789921302319083776839292948866),
                             float3(0.29531115739281275018810974659010186893551889526888, 0.76363706615157130652958978081490475360883466119596, 0.74545377772779374737928963797539722679497978839102),
                             float3(0.83458386971379852929521302695538022695624429787219, 0.67878987729271219757846866222895210062405427415561, 0.86999312188048582558976316086030666321675824558412),
                             float3(0.17569383369920434875286348845464509317763830225369, 0.37790936927535898855625745237384233867596317936032, 0.20580164516656431418074522031560736558285813936295),
                             float3(0.23801081260662837617298126690648886162336927700973, 0.64198386124032603656392645279352948669085875327935, 0.95946817942476618629384537184737800785606712661958),
                             float3(0.07596469383692756146515379106322788887221449381534, 0.78784185351970199795181593350671898403846326464904, 0.67605954998347815609798175706997549999453612331219),
                             float3(0.05724481356482572017495663276462113753552766883915, 0.59765487163542803375122704172477157659416540196813, 0.46953550571107715587137268953951531635644576048296),
                             float3(0.49761663106426636496856004547995721073406688120662, 0.14134366745210323200824333677971703561604989768642, 0.85940435955405296797614721495404093631613370479044),
                             float3(0.15778672053719420390458143122825500349467160532547, 0.23339893800510384238502551901413587955888076880932, 0.03048089211770314598811880389349436039034357262990),
                             float3(0.65438070030357488397438134985250312708933918190204, 0.93111869452821160902123039231176005026890604644914, 0.69659831443259836177489115519458188233735950840831),
                             float3(0.12042245460626900347352449207549706093758421640067, 0.78614838126872499033508729530704287216126046274891, 0.70146275850093252718281005156723743725547156562848),
                             float3(0.85810459537784637407307646510782370052897522643720, 0.32796894144194578202266062250219602929850333256654, 0.44450696317803679106744745041802346987960713190192),
                             float3(0.53654978934306959476060664606219714664143282283886, 0.08774396377011396258781171106707512602639558491336, 0.62020259341130023626981400367345411988341836214826),
                             float3(0.19193889202818191641930187534606995739061822217854, 0.07566390456424311062493634607526275463497234554467, 0.01783916348593949890937313344548967455373015488290),
                             float3(0.56864695251988346367779188418712824415269096272070, 0.88456577409645012413876809610771473152411290047779, 0.35241023913618438718864012600670254754892050915575),
                             float3(0.01346568223424284903895456185270652411740701898969, 0.90762640712485826407058506600123366770043251365871, 0.03022220182559647531420734291840830529018762018500),
                             float3(0.88550644866134136143073353098073364830996403993450, 0.76973412307970717201047878730448665804685106320895, 0.54758609953269678878858603185281169869620840930305),
                             float3(0.43021691530918785250319166435136496229910623384238, 0.09364970701513570320128228356251381508392256943991, 0.80835642244138107390978864517114552424312721151431),
                             float3(0.95951944989418278826086282928915784055771458014797, 0.70332949280759757956623832620574407960041803227964, 0.07892201989772904015016727319362854847986845335278),
                             float3(0.44397321278376768097319205204043234007555064272156, 0.85380323401660931928063347946522037601109255604223, 0.33258660924314386956466069138471787785422928393052),
                             float3(0.18605630014725831647699107217911593099277907533991, 0.21259882340958910903793854063468349797510956533481, 0.61657236704344670540074864734230074263025127512758),
                             float3(0.77396295674930539003366166554971003148813531633316, 0.91099078597579855501296880511970094416644585944391, 0.38362983661411810218953375872699046241776997068919),
                             float3(0.61169938012944517548542636772282751176347672558423, 0.88429555173986810681679375575496082587206836995106, 0.93044816541308019057329316698191125221867838649586),
                             float3(0.57842585152550392076741678096316681818854537004873, 0.36614685528943037235053717324395431610869674295664, 0.82250378217741559443195488713583890645167874870894),
                             float3(0.04423242513326032058524510839378592190969219706140, 0.39142030377704199962966448228113014499353982938495, 0.15233874347178338067218219597642534194947257356132),
                             float3(0.41484507023513141344901617463984311161632983031481, 0.32316185182054123800756243467994598565083609079182, 0.57714044238667259116968331205738307638061411331261),
                             float3(0.01900006257684978285885378003294909428711144341212, 0.97230269152657401961407710342953744780764505197156, 0.49065612868970103565705172995802619482443714771102),
                             float3(0.99497746836893106727124854231048702919062399573107, 0.49550927328140108324863442783545108266816537277049, 0.32335459096142778962490042604950225015196292709359),
                             float3(0.55636269420845893578210131394674637372870149243036, 0.94016327116490408651448732673143884483309055644333, 0.98342693726054745461937889887330299960378510479407),
                             float3(0.95380766067709685160852491963718445282489138764138, 0.31849546775091437846944163279940475640966586057207, 0.98812122835092422806159018291861246195037200691120),
                             float3(0.88326395533234800727286460012377998281078016006124, 0.80161660027960988515149013437348241251408648269983, 0.17692508247221766150008137348008102889245690330304),
                             float3(0.84377463631816361314910002415307435937816455322723, 0.48681755262673926258420369662865027139726817331208, 0.48728758134726402064286133210750996123214027573681),
                             float3(0.77944279873302009782955459968971618490860574386183, 0.28823174766279628967898232128278712729407405023246, 0.18551875147192650510353286015294841280985948518061),
                             float3(0.91627299454639902854274134692224424631898080389185, 0.65491927465798527885240558057686944341059327544694, 0.04902619327858871172238072729826675003713544143846),
                             float3(0.67365030316153636970149385084325381944560247951223, 0.13112978707873289382433235180148556683778827896731, 0.54917054641808704491548492789849100456390513522093),
                             float3(0.68264629661021448784076261458281564889323010982932, 0.38068553224668684911823562879812523348008238697874, 0.87053421570987354008610444534927263817744379647086),
                             float3(0.11195838053131750800239244338524747917867882816648, 0.13956485554558731678270611760731985271389950320775, 0.73368115219788811854070777601341140677499580734375),
                             float3(0.74552840767186322789556202122029567668701772398608, 0.58587284971858190800418504536755019172112615618762, 0.37593399283636110025036073647307941408386243352908),
                             float3(0.65379876736345549745623709216449446693742087941019, 0.43970634167710853255935777272453739470465373717689, 0.90000026077288682459130980605663819549052843533398),
                             float3(0.27492088654810799456029566977802592667760328609451, 0.25889765368408547347862723906264617132205412905397, 0.72677999133475123978023595338066626841933191486118),
                             float3(0.39217947545450514095443682076200446572914012055698, 0.35403179015630936199413444660163549626439825384232, 0.87815004203745142796262196819937953730594256053962),
                             float3(0.37773665433868346754473376330426183284495246980418, 0.16336201175246983038571987896375226296791163932356, 0.53416766033121426794454900696779241741527729170010),
                             float3(0.03902508999130709845943716755504831475855690528421, 0.98853206511989265112098288480204713739452879166610, 0.39323901533674779068698917186114152526602140720413),
                             float3(0.69178177509822265819174419682889139090630563419024, 0.92407291289623677924713651690157592355750483964382, 0.61365154473361020098753627435586964496399364349664),
                             float3(0.72595535707546467406776760487297420149747382602228, 0.41904257464013902980605438678935625988834330504171, 0.29734690535034703451622310613384940957069273290984),
                             float3(0.30788886257549498123972512938026301244526990939852, 0.79942894245210416223540106514479826838235478774797, 0.14159010445406253011866433869998433746371672495472),
                             float3(0.44287583640148290063547697349034627101361159515183, 0.97932663476371241292201184649803659248034922180924, 0.94357812361225237519998097415747443795591455863808),
                             float3(0.34917090585940038427421175593524052559261543781415, 0.44504303767159898765641343707269112335140006512184, 0.15020481370943305887893677339352232773947380685595),
                             float3(0.79726139621097613908383248512608182109791002447719, 0.14882356492628530988704086194138547110864086830350, 0.31530364737999949428840887238548668962464649343583),
                             float3(0.48566607805245003749408022608082212327553860176631, 0.39707932690667329695479652184709935021464116181482, 0.01934242852160399180056507814193944601028133102485),
                             float3(0.50603291679748937956119182825328619457541544016315, 0.06769091863329497002965438979342613392560657386947, 0.73194437871162871013006041474411487048454062157798),
                             float3(0.86275274496842048005355571174515271790444393517605, 0.47318072417330219711457395059471354041154263319989, 0.08518315639692629668508328207326556931274028271970),
                             float3(0.57102651935901771242419920836904764696613937719055, 0.05258473260837846024866220677951522448837190075929, 0.52317375037218124651590011717194270937615791530646),
                             float3(0.03918713085250473422126950279926881651917951280002, 0.01369018376566398879152002065355549646221059655055, 0.38292908272177270548220929784726463793467654334976),
                             float3(0.82173911986134435846614068544210031303719382975976, 0.60603810437301487977228196305169058974155704388099, 0.01492519195576537498946989406512269766807176887123),
                             float3(0.62459223928328916363466743091936397234843719696254, 0.02538789738989796321904177589500229614265532481813, 0.47361736713372622030022261969165129434527520132384),
                             float3(0.25447876537902456375016090078413011337873418837852, 0.81033742722724578821162390872283457707241913475641, 0.35278634559125301373307444964477250631652615884343),
                             float3(0.88255239250658752546849107974621846608707246655910, 0.35593911307787863782347299889338806648818958403118, 0.26103368644197115331172979760120846912171083619926),
                             float3(0.79418774689859305243827738336484766071275620415390, 0.44190653130714853118017213383850062087526485232949, 0.26053891440051264728122640118213183185824908801234),
                             float3(0.00203883272984766804167894491198452035097273715304, 0.84033405149959483795288196906160275667827829084411, 0.15479646423856488531284539606000684135265666232089),
                             float3(0.16025821657613344814193250959358747036512946333847, 0.66232673321624592509522983721085032045144301119300, 0.51585184043463336626470744889366488504617151123907),
                             float3(0.92736143549482467662919880395354654416005509914067, 0.79003746932999374768341966434518211628317152129109, 0.09908608831000138826784108743195182991177395808016),
                             float3(0.59440487544961896377510093431413094739358978945030, 0.15845984908090321953669124446257464175270481281246, 0.98090911140499819653681978777382279313246913513799),
                             float3(0.80742027935199286109850478370879011827310077868875, 0.55643429847524058839354995168120124257830543114933, 0.38968520735846339277859645596688219839800566026959),
                             float3(0.20899386918821069285167509858986796743369812650250, 0.71509510618488757547125994092968185667650505496624, 0.44594469886185043770614258774327556516717170313207),
                             float3(0.56530325616006692811672093605076564343124363927205, 0.87516151670303327530539661623197093520073013017341, 0.82563586540410890885660406326041741585608964695707),
                             float3(0.27882115788869825947418978941538991816621959100387, 0.03910561116183810889016464863357291876941580890757, 0.84211347624620707645159537510265578541869431500635),
                             float3(0.78137086677533540533093328452297208730659429504026, 0.62393003602104930133909735255961145844684656027009, 0.68443710001892398339214132382095145152462204043287),
                             float3(0.92902253328370248317711883175261023851687919651896, 0.53669427573149150387367077322545286572880792740085, 0.63157935178125248465251844886074732893079333694701),
                             float3(0.12967681471812512111892533368627438195724289693150, 0.30861588330376232644493541686616857853470003378529, 0.01714171309549108436350819629272015510838402123543),
                             float3(0.30752194737563946833967462416823971232291467103646, 0.15287233877379442244770829436642784602584326397346, 0.03525507510937669058570760835613662024805755490618),
                             float3(0.00610354008999314342502766844089845451817737351120, 0.09734104413869669293805080334513903544825245346789, 0.07273670951829804041036858313138244209902909561902),
                             float3(0.25073098009734069911855109170930996861136799097492, 0.39136941439533560153650926943155261797237700701370, 0.00403319740952708129211651099114245137635838634981),
                             float3(0.32455444853225625901441012665822563701463678067445, 0.43023418458726066345595941722532741133289687357166, 0.44782522709895928161764368131632458221577989590116),
                             float3(0.96719502853972031873862629986478374186830177641774, 0.08619708457119325388590748670694611739253492662837, 0.17342074234417654232228334128574390924326107357890),
                             float3(0.08656869714014031538719457330526431524380626023643, 0.63759981388910812008130033344069888022655816532709, 0.85358341531612896356441617518390526406866800150806),
                             float3(0.27195647265859339700927399047915269334842919633860, 0.24799949146071448034145110252047822929808852348693, 0.22160076372924221207343889313245569996478149422107),
                             float3(0.34384052066231992633548529123337401453983408710756, 0.74462448682089810103617285584938455012224748476921, 0.85423804280020319361423630817083831807719333631596),
                             float3(0.41563219134444940050784572064784935891474627889023, 0.77149950009672069990030084584962511289127557712743, 0.29927619603069397117089159131494617239258677833809),
                             float3(0.22907397462076825135650077022689402829356764985799, 0.72899166050675764287080276325832370902491699930158, 0.98644653756116337129498211001141127466497019862973),
                             float3(0.00176067748803717007041225616852575742689262651078, 0.25357518366912041977549006832916774185226434140370, 0.72738415226738600332511711191038683819349406338849),
                             float3(0.20961575555588723025106488953231467734921155349085, 0.16900412459061970054566534678121270356929063466544, 0.83353486917566964104869344148727250003781829107302),
                             float3(0.12505838710395222717346393866097597299568739049795, 0.62428317143308153970378694290024897025801454501745, 0.19025216455351462108300374362492170431789494943566),
                             float3(0.36984558529930734633640989252059206205750695270783, 0.72542938222326698159689239234282988270105452341559, 0.07183360464566969092162314918666673824002755166864),
                             float3(0.25412287825154062815872375459822329276618359788824, 0.95954113846170755508566875870759099633165830433638, 0.23775546280873935740432141122729900496850563192018),
                             float3(0.50627247210813374250696061453022083843859816630506, 0.81567035862679795549636240600921769427153906567354, 0.71441333208774760206452550001273361594478598742322),
                             float3(0.45236609675384203340292683210656581114847303051140, 0.60026915173218460262433199840992751795446807068008, 0.95188172807481968181121250801122610263548908185569),
                             float3(0.55017873703929343297899903243165549207798099381675, 0.15960201346223601857671354576652965780616447577549, 0.37624554777122651436491040699930024862606461693619),
                             float3(0.04289629556233694583213423600383817420195693110077, 0.35405099518968003214475811806979407537305009663915, 0.76840666829798715729756945519043530650911074995960),
                             float3(0.37092927606784824712270642535876071527905883296709, 0.07820089154153543903779990746301903403262832168750, 0.69609914117326454342175838710906808088118546798000),
                             float3(0.61088264233571188192898651399880309032083409386802, 0.48887162198424939491943652290716139240523102456636, 0.85556866053751486491392382723289933856912597316658),
                             float3(0.55140752943784693996821250438550334611554704176958, 0.25377523014734061182678277264453904158063186858299, 0.10163840681209302799119477776035795410343434363137),
                             float3(0.20017424166968638255281488868188229489363845356739, 0.53582197750024665066037276971304544774799215245948, 0.62410681408035279727092689094123128951659985204293),
                             float3(0.10162078736866363974388750361245358031250527885865, 0.38284849146824843670158305674460980591268194861066, 0.88671048925101705202544836865359739295938817463258),
                             float3(0.91414036047465881119546852428069034678548986501190, 0.36934476430251820930626536902713316864445540485601, 0.75997560564960656110859989794984598137687350145182),
                             float3(0.28838833172579161238955266587359369747486551759809, 0.97393515210622662222073801086169250135601424946161, 0.60746343228544947763794234609493912694629227406737),
                             float3(0.11397146365218234604841529238552635127205224812444, 0.84906049573358586706492915499415593660723219054860, 0.96368092070665174278327124665487280630617253721106),
                             float3(0.91770746006953123490312196644207630391391050811610, 0.37965448530110591029809853235643669605366790119029, 0.99163421891449382358511063474226089636398309702539),
                             float3(0.48352423130677693274185646559327386652255560289331, 0.30863443781288931650546017604337158561916886433397, 0.75003080853210418550965456829467074660549156406922),
                             float3(0.20352235372761112805167575869941064221626982757849, 0.27305065163200252134337110948391916582164514575487, 0.27511343750438678475753237834041309085132037763227),
                             float3(0.09787956412035481096147615097112235240833711358988, 0.67582699762806318360923411828913418716270351307350, 0.22531914119446332937453009351686039463408992532717),
                             float3(0.53397480511315358250907938922683389596587923087854, 0.09603518340029519426663186532648898119140588720400, 0.53865795838532864702613160793132854197002568680249),
                             float3(0.89638793863180277211205168661520175569383353239148, 0.63407730645936642558658860892889253702293397017174, 0.42768365783655166102733084286108287168719449604184),
                             float3(0.68228932012430319414586784927647083611331210719208, 0.88290358266687780498362596758357816669701500062121, 0.34638555431632101329525212306898342336700468035425),
                             float3(0.04419347232337329794503719416503245618095362127244, 0.58732152638529953031225131531414023665311171974844, 0.34812195057197424055990607328299890605922328602859),
                             float3(0.97211083996751597611350795356830451459749138162725, 0.70363095192147395625658278885832364794467577483051, 0.16353712142552912595171178361732305686746720324131),
                             float3(0.29253145386820549352754821283799072022181865521261, 0.24031785433176968106596808702848578334591529189904, 0.80042872227748220287032189529585139703976862997200),
                             float3(0.08410439364412966817758446606140097596516491359270, 0.35386659583469629430211385688667540920724806415162, 0.08953487200322764251599886589390009898478493951101),
                             float3(0.99424166602940912176075224447942836423205579965514, 0.70913135652901622263966627938937925458148039796393, 0.61020653967398021698622504382901588328689725811901),
                             float3(0.25627021072622220454258961285537496893919888031177, 0.67401117409114537387298414632226784360250427470641, 0.03494207455092007176977372212705254652855412545622),
                             float3(0.76378485367443466779434846583263868634065627803256, 0.44559453942778419221290759491062387364868296413904, 0.83685882633328923553116952347595157307196702096457),
                             float3(0.57540297915268119274454812780085284612512638065845, 0.05421801405956445040848611788958790049475818764449, 0.90441290058533934996500951548814572324934741334580),
                             float3(0.92456159648330250190855575124912667960924330029345, 0.26183334081265480776879073229369663326515798349121, 0.53618011253417255921957989029839906622286071440677),
                             float3(0.85888981565029090990098605286188426596935345471442, 0.22603016599013522874848856931203098314211061574046, 0.03601539433545265635418105873710685972100812822560),
                             float3(0.39368567669216806381065513925807865575716493614254, 0.85465125676773617833814602109363281879476686976212, 0.46594200825594337873866796627556525849270457241823),
                             float3(0.82655095598391317753676937741318523679501706609087, 0.57212615637946802919635194483675227159802229845292, 0.07539092119736654269334104827767472453929658839715),
                             float3(0.34576279688514724642748344776703248028303880026391, 0.25594602177044646262357800690580631817389779384771, 0.71788524272282751189533679886451860257612644717612),
                             float3(0.51784877700601538682130187448858021105150914669896, 0.67641943248554499764954754384533529725459077992748, 0.85008091881534471748840916684073583116635349773642),
                             float3(0.56482371961779725392884016388254667695404684302250, 0.01616763508457667877508459312993781388768749263081, 0.61419396874256899467165566971246604091227633306757),
                             float3(0.08473183538284841905350898395391995439479889151463, 0.92272542728087355744341299677344652299540688914569, 0.61163409657250578274710000892806674526038118358012),
                             float3(0.95883425771565455694626104867723108514063966327049, 0.08226705210857260829041152078539163139627730787560, 0.71431993012238535355640981800441664267008264298201),
                             float3(0.53340392240952337679474026801575203131133466025791, 0.06620250193017270747432214964879638704439618958871, 0.09085266768488638590474192118375616223192014289345),
                             float3(0.01880933073503322402179254268276930443513023422822, 0.02404791630629093681293687539564859291410225886587, 0.98017803809588163819617953722632384502373334548885),
                             float3(0.97381065183620568577965262435454172391382191816495, 0.84118811384938780580023962740641391083412434506529, 0.94825858375238712207293351765691079598198973987910),
                             float3(0.28886543534860756024830514456729210051012487263499, 0.99894659973039418074813687931727236975399657209578, 0.57038802313834026996309264939184221402701994229066),
                             float3(0.07762527574478350470011975236591032212853585387495, 0.95398335337421052172727034347931192181406957985662, 0.85537590388346678559675218256862113510663535035376),
                             float3(0.02449790671350340059872091156788998495526478817203, 0.07167849163076413817433459503802609602924565233023, 0.52090846472684906211399292890879666790337918877368),
                             float3(0.26164343881406779244290604814382429900876703250272, 0.67616876810309032994034475279924420391815782685532, 0.72522485025206358793501909905774462203588458973926),
                             float3(0.63233753789210407239740249722781821324511382407947, 0.98966349543446054853696257795972865713485835256343, 0.70095732266378865740299115928331711994988102913596),
                             float3(0.79816697175377924961272629994345614945527011928922, 0.50868170408383008334264227261718184317557615305554, 0.86639788792508649943841584806310098301597848267328),
                             float3(0.96780351886422719456621336659728706218360372118124, 0.43210262863260452888518609067357309319662395321013, 0.08096744043068266304494586579759077563517602038320),
                             float3(0.29920616053073898377433835985341622612390047559745, 0.06525404989002030619560430876584124761444359842744, 0.07402710911883381152111614637014518202149979376897),
                             float3(0.24130214189715979030624333930728829186521876940961, 0.90991271786329533942315357323443470812215700303286, 0.12778488203009057721945003175522897973095869460379),
                             float3(0.11608686034655656843147002631578295869092040006169, 0.16155029728428835416206007970490248948480903958899, 0.37945505580876109468954048460857987185632498283346),
                             float3(0.17866184776453126558883711908440718118364685474241, 0.70998837596169269716603100965899485795968464838626, 0.65052822805984950779952485339481092421403037034300),
                             float3(0.64050079007341035901755360895944046522201563984071, 0.15501522813253414026996716962685275561101964668180, 0.29903766561365454642758987299805425311968302393671),
                             float3(0.72515737266801844280926867326517542657801752538009, 0.69435091149632704687458168631037455590464077969388, 0.16981068760412542735389104157697134563587363693035),
                             float3(0.14907759941935043988855718959637837822262824970626, 0.87707143863656592037237662970182209530787805160199, 0.65711498965902767902366219188399702771277826017684),
                             float3(0.68555410394139710011961693043820244093173851896179, 0.90753079462851058258703143070567778720570716029359, 0.12902870344523930907412798619207644355627606111134),
                             float3(0.06178780715282333063689393487391916983698037867900, 0.81633824785390374318079782899099326892644476602863, 0.45957408848607130730296657311803349755884316868318),
                             float3(0.40341699502322153412359319875473703888293981085935, 0.01048999432849469074942168189479792939853822677448, 0.55121862058841693283696248886000132626395727009768),
                             float3(0.15803600284215696337184717803176985974041571337415, 0.92116914317216932414416405070311379403358276287105, 0.95645379386068799013251529234832592159792656843979),
                             float3(0.06669340212965695055744181808031362629273882817853, 0.40063623940910555663385128416874686995911778678012, 0.45422062756204209352218498005723133615732648992952),
                             float3(0.55611708902353674891594690930488827278365630055213, 0.64972568073547072545583333813691682411869725595526, 0.18137608840067297231356265829555251695460589835345),
                             float3(0.23163858566536563372560469269915080354767805436189, 0.79905605711534896888596473035814696321903884365721, 0.75067640463952053521102342019186187613138876218784),
                             float3(0.17002913022692353767958712724591155899594891241408, 0.89673184992483978079653032542568108290645281351372, 0.30885907560452331980309781924764407964555031730959),
                             float3(0.06218976393937411445990922634149163804249115634224, 0.50587979916476660953846361379754781214365616208772, 0.48473914512705521278368856319815282901212600604841),
                             float3(0.78289245819355401050767483256293015503780357585485, 0.72355650165272211748190954240101666716615582404184, 0.40797583575982702181700204791003893831372208439531),
                             float3(0.40122270676598328990251723184609617606983157573962, 0.79509079568170570549560931510522244606244594611385, 0.34622793797139274058007896686467159557790561304451),
                             float3(0.98772363971944718808204802222883598610544170878489, 0.46638105962061621629996139318373865807146153837445, 0.81786043317115048916942434891235150769915699683548),
                             float3(0.30053830085498086329002519301188682866315201817936, 0.50490144638507416071544986201772292112798259833395, 0.08044608606959590046506808982076168038182116836806),
                             float3(0.60843653568741727474492074115817009876005760454152, 0.06436744652494004223700772743706933327164400822963, 0.13197836694649505804518882989498521629659343275626),
                             float3(0.43194107973945021514402814747610441388646179991335, 0.76709107081822620276139254833024238681828223026217, 0.06219337235802727710718636142819180838793654254627),
                             float3(0.40631124857846694503291424624461935893310947792403, 0.62456539971572923416121915726583729898992680540981, 0.55094621352511672208133970991212379851037683051090),
                             float3(0.89412433024130032437226580914656438621559980547975, 0.88665023003892411296334063921013319565208551768484, 0.45849418353658247596657938175601146087988615916317),
                             float3(0.54784648812146259678154695334273716804361208127391, 0.06373990938075683864367481729604614680721693650968, 0.58843312367690128553979918388676342348396228255085),
                             float3(0.93211155454538944989229090857636280464566334422666, 0.84501261191645425161873619982927379952710463153639, 0.02771695664730132633825994918503460368092991248168),
                             float3(0.91090343244476220671142599308867306990201702749809, 0.39934746806663521596272470771914559773310822326608, 0.47013817144697510896981435602565366777037638998454),
                             float3(0.97629038448936948141487322247304842528758992166156, 0.92156821753208208605812417084744591845845891765109, 0.09177298805964641652825683183360994364016086384757),
                             float3(0.00783447390536893017415393256836376272051826094495, 0.03852161765534151239187531771506079750172871376122, 0.83604147880343903631472134884219474564226186416889),
                             float3(0.66067549116369538506019612869791641770900729025736, 0.50377127909812992284304703577773909992283991143227, 0.29602872514618254637609877636209114261490148669740),
                             float3(0.23053870049087435058730914903318693341225981086309, 0.78476577825949146834401971981527925787644252449363, 0.37523012232366892729261310860300416681851537620211),
                             float3(0.46041747406256095794658462551365355877252895434424, 0.59672696409093280331788248448065490164693989847565, 0.01677787462616081739138230937387622125083694864115),
                             float3(0.00142765201224151176522385796080207903952388287697, 0.38474995655328527089789198955172942803680736821615, 0.19665436270702912019515094191353062955075493614220),
                             float3(0.77466501798330950394144198217029951370266237718622, 0.14240839607654799783276365081103814407110126654483, 0.39892429083171236640124947704016386626367611176927),
                             float3(0.15631232118632994080859378097365141154848993217976, 0.72027223801625692152486661531219133222597994236344, 0.03360636368229389794311136373958807726122894425628),
                             float3(0.54956528449536048110030977061126608844208318152438, 0.35118812506966208444789108471122652174062934293439, 0.22096857846106544974602090691224550466013718974330),
                             float3(0.79286311234507227075197140151931045220050307186798, 0.37292607838793449554122886074365417512099812120097, 0.83583059442226230247963077012496183040448517367639),
                             float3(0.69195998868635787124344158608900852283465426546705, 0.22925203885722319818346521778080204904748437760193, 0.07398173451733674912979024954227275816606909842009),
                             float3(0.63204281359765297683417398158706215990458074193217, 0.57573981749588821707711703438111101751093058294540, 0.18463028746423845267562762270505158698288839626982),
                             float3(0.66922684482870786537510102144813753563358502329260, 0.54511641031352679100326586701763578884539093872662, 0.73298008279413794037387774373069615832434539300295),
                             float3(0.23573067161966779708222643601222391525459536386794, 0.95919859470815901376461649479679052507045704362125, 0.23655763930568022051383507711980995796583226036039),
                             float3(0.87022648826067833251131916917122119098659896810304, 0.73153319663446167007453714837571815754916489824290, 0.42984948527690099359395870287555836720593932954678),
                             float3(0.50269574039987780522764959645459195917729931229658, 0.76104833384406683517939401157609722061460455221985, 0.58333824782522333704628692868156225087535965619735),
                             float3(0.77736505023087363766017145908838845101709010814188, 0.97762627776842604481513239594983158815718449805840, 0.67014685300920385743229567647549481266729961895207),
                             float3(0.47821520934803280137818686308259077590426957834150, 0.80027336026068447454446094597158714088288690619732, 0.52407115115395175138209431353081553656180792785760),
                             float3(0.02254797341340167838495474163253878445851150532564, 0.72999014130890624757030431853290403979007396129909, 0.62305437715776907691270722970658805498867310271251),
                             float3(0.42737523943353443149535454313754334336101844839124, 0.83600301027785234888467488273380032364583985480006, 0.52731570861389045019768146700933777093236408336781),
                             float3(0.67785486699087188086013686284922225186094335341269, 0.79917785589377731083529723460665025982275829657846, 0.99997185698300475015141480124966547804076564042027),
                             float3(0.97201222934804060125343958725189176476140622224619, 0.67935331496935042218255870549761820723886092374674, 0.93000208154825651550078514995872193764070985531522),
                             float3(0.10771076052408336559060956947680473086362438213508, 0.04561051664125552892660293157340358522213322233060, 0.74655851008952130719460030511930492072973711483818),
                             float3(0.41349740326771693238164478244827958636115224533801, 0.12915554582089768159561981323918694525275322489232, 0.02867377296225239908008180445682808613816600373304),
                             float3(0.12784318151759316488176896615875959580857383802547, 0.39568890463701112141863135132482891410395998427563, 0.65729874187017834363332588826697242682762735363475),
                             float3(0.92423742732815780935972607024903423692006237062470, 0.77370310482543699059217383863085199602167309242484, 0.07014030395758874545085422467187169182715145986242),
                             float3(0.83320203181140157610207285253319662661939659686401, 0.17265210084769375578734254886841162247186831777894, 0.44908862109045388543869135406210242570348973641791),
                             float3(0.75071466643850398677751547732619499737003374003092, 0.73155283405862749377674128104887982654462487535010, 0.90488049445680619225370152728917860802095379935335),
                             float3(0.08593108089847002194189486469526649466479596970914, 0.42994089706458318251059059253382534347563544963599, 0.45665347752354394206429497707793972236136630033673),
                             float3(0.42267275961314557682030931831497161493491877516927, 0.97352783672832143966389415121898231221822554806195, 0.63329800926570134093598538328474365062167129044734),
                             float3(0.24663209872721966004703718716777878012422267379358, 0.37538036036819773795716608104234590830038970915919, 0.57680001522406736331780767227904318834452981274076),
                             float3(0.27565388020592792166539639284368250031568424831239, 0.83181832932145636096281389206407428106893804498880, 0.92417299218431390455888342802085370390899196654124),
                             float3(0.91316004400017917174618520521723956016973406864551, 0.56303463169229737428632648126533284160229906670986, 0.95603049571934668427749993903926859775686973443180),
                             float3(0.77156045943780677340654642396606353629606064644654, 0.54402477620901105489148944040335899266744043770063, 0.01442883230531427174229638870602229804810636168272),
                             float3(0.34055325496029120388608198224136958525390217164006, 0.77813052221093191347712642689468458526694201140314, 0.35174871901183468826643838372294322051752379036107),
                             float3(0.11970203072620053474560815816486903444589881377555, 0.24482766889856268866334891157521783437888691784485, 0.48138117271187603325378978041711982881028833033975),
                             float3(0.20334115775755654827533357450918831777741502260205, 0.66350275423695850750316308974932596651365204313644, 0.82969704809279464212791050174493748179584738421734),
                             float3(0.42211323778428280718659350070547844766561535330396, 0.26095050322074313761183747471726362909298233627372, 0.30529406780093382385885584351558743169328077943466),
                             float3(0.03974492531119679378235663613502257060741833470109, 0.00455884009054824615813916086787427675650395053550, 0.25657102841924167617709470234298144629123564078232),
                             float3(0.03945845348839983120053302425924646448481851242020, 0.61424812258514945672994574148471921433307149171517, 0.06238009995011627616744799947270644166133920830093),
                             float3(0.62749184278510132550752023328473702688631338813467, 0.03431747997625660580500030101197989044461683323839, 0.54585932640547713893434378748194554043629928763882),
                             float3(0.45076756840689589144354210337179171687285020426930, 0.25350813540202685403106937080770727589150018448282, 0.13269694196060869523931199923534847711731203645783),
                             float3(0.86625288749612831314976314173160598693797094281595, 0.21670986158590426815083472373891191097936447131545, 0.15839055467981247869154745853043022303724844606285),
                             float3(0.45432184553763001891398099471838906890923259129533, 0.84925575205430193483612180388829152186797107857789, 0.93992538776562749578969730560976706633124217461058),
                             float3(0.44431044359002348840510018577129365900875663530951, 0.07363891952504984006749492040585965573097181157995, 0.46398789644712939008907032556010808931976996447526),
                             float3(0.56335263004594549582622207554484942006702138470667, 0.48645210255965267933521749389338225735057351866753, 0.70480033740343227244410967638485173387888248874016),
                             float3(0.32396943368369182677848915578490726107368847474577, 0.17207182874885131200521257268517298341222006815541, 0.50778603178221379109855156792742754419719481868180),
                             float3(0.31136685792362735490121365342446020427435305345658, 0.67105376418450741115366038344091606288329953176979, 0.09007166922818634999786683546921900056181624952229),
                             float3(0.66320143538938220141583010819601606766409245459954, 0.37621887695035746182994758618370156436013322163536, 0.36650348374390650720743996701603776999168193699012),
                             float3(0.21820338591378293618465577525827476347824833026566, 0.51215845297697614780819877176878372068192586390666, 0.83939744829262465354952682445280346970467886798129),
                             float3(0.05987387217475675551520092270517954663586277762734, 0.27998909453205898142100207736088718822212011996591, 0.25282589437110456038689735010319831194528707095936),
                             float3(0.13068367298088363579294162149083676126350719944983, 0.66251052288887234509858858328028188979877583555406, 0.08776858344186159625942077444240684051766553960811),
                             float3(0.03243129371264575930824246651282857529630041913687, 0.55479635683421420417124553285075837905579704888414, 0.53257937103428848555091391909704784385115985861345),
                             float3(0.81587451649529057368854761109408956281008762153798, 0.53312677102372184322181147132670122786016064035657, 0.51939647049233884678426378558305894133002871084258),
                             float3(0.87116082109114502619264882619101148131042998100759, 0.55113226210793892793511840823278359391810969437281, 0.43997902833624122190478169024708204580971141843973),
                             float3(0.54339024460698270286854623190003506277030061221114, 0.73024530747518720310274949159965014760318714148863, 0.90887476189134380211971032931658950061661562276226),
                             float3(0.08241714652575256420578873957158445460747031883705, 0.72747329081179430704857683360538277186172900682770, 0.64087727334191280025081185267185682574261768791051),
                             float3(0.25122174880176699116010235575653663748968621394441, 0.44896854742946014409155093946479072397149164374780, 0.07967089087500465101393150129032590094233668472154),
                             float3(0.09470027535993845945678187700027722039545417536167, 0.95277881594401092621714761916701631958577738075416, 0.13787838201387639756005175354709689790123679871553),
                             float3(0.39651495216513980097302691925268107629656453050642, 0.27259398191259339999845149490189898865693956835305, 0.71400790080627661974005693374333064238954479271737),
                             float3(0.42163821020056126068186413046804253151531110445103, 0.31362542502525593003381538263360879890028813114062, 0.84169574003773976814320347108714824531300727303025),
                             float3(0.04250286086111247485875413501588748609021851614185, 0.40662981564884663824753349146936799190645673639469, 0.56496851929548687092474197639155971935304393482195),
                             float3(0.15737976121988943888219431666867654057884294679863, 0.05467365536537952970566619779837371796590605073594, 0.90614098837929145765813573942478049595538883340300),
                             float3(0.94760491922894894351214763944382711632089902193549, 0.18571383184400237146318456185180871609349261744392, 0.06651285945260915064393684796455613919059604222808),
                             float3(0.11521524654672129577815524739824760274822158170600, 0.52240388425714259430442882601872424150570101405323, 0.57266459897450865818979803440054096985364060999728),
                             float3(0.63999150127915828434277330088669899221086556330184, 0.90502702826099121564527457427383409781942276892403, 0.07429551741621574455611909628045797915836734075607),
                             float3(0.04415409632728644125357844699211767299613195653158, 0.45324654394335045006658051837606592431437091377249, 0.40998332933143447809079003458456931530027998239791),
                             float3(0.14729259986609813097922815380318768640043284714427, 0.38653348384966961258798579534340228974820647771329, 0.83137366889063479747091835358170317000025408531329),
                             float3(0.67211164130028348082380668800276949247384937274705, 0.27453265976428882665156300802661880983254630168827, 0.13688124897025349062124044343361299820490219559045),
                             float3(0.24782961146934442435030955655344494658401988005236, 0.23995385025636117256585868801794708967563980409790, 0.69675239968576119644207264945530307638340842505695),
                             float3(0.18812727641236053823178553828611265489585828988214, 0.42762086743639412397400764179663826787198765342996, 0.30730669449818271605590425624381754528911965737328),
                             float3(0.30835157604843090349879593736986239982143257259141, 0.75544789826468840128995405370756592300550444022659, 0.25220687802779803445318791025674320629760483467177),
                             float3(0.50119231994573061901317742353870029194556241713820, 0.95965395824192581814856250220686567315953289978452, 0.24783904163323313025149334031460675563832460793288),
                             float3(0.54389986470864934488252340016109276824018776974707, 0.62289757592247464061693362821270561762131707162258, 0.92912123872149673981442549561734179526325841711213),
                             float3(0.12477629213557097054219276143748069804317668147970, 0.28791422248354045045874886445300402186699892065757, 0.94470667264618519315071101121818730691946978392256),
                             float3(0.82880525223010860582412519194619121593993933965983, 0.72145098090283463644998637245862913417117253412228, 0.07624574770802088741199124729673932210979456614393),
                             float3(0.42341988284594924987175961322771975062906198636668, 0.53689334443174776586035022651830870477450390786592, 0.27968124222458419901404513466828131242449493305254),
                             float3(0.24106102352356398051571326238591111314117494104076, 0.84984425130684340312826783216826879334339756575350, 0.25456860220749641247949264121876827663251013488124),
                             float3(0.70598662608391136439222866080462073706930737271716, 0.94270585738953581287860508280899403109531125802202, 0.03655929625840832129203681503129540157174306629622),
                             float3(0.17728002071975274489298131938170672108714928700907, 0.52629515282308524374507366960539852547391934498669, 0.62902251591640140177037843997808810659949124484683),
                             float3(0.70313039953727352781084709951623640103371386154539, 0.56310108163458322313996544332701869922553104140403, 0.06458631257358897752168649206631624723448005189966),
                             float3(0.75589493595331158385909192042514160839935011698629, 0.38090180748165832311221909003018240382471400763312, 0.90728464706932425805850435118108118509922005639931),
                             float3(0.97609825139415399787682460205002621827768111961704, 0.12501547269725362805218350981762365432254640821519, 0.44530914896198386073812584760058985664042629277428),
                             float3(0.36825602198180148148981349204470991074675720609974, 0.32654381473898905861399518514939208366534937880285, 0.27586212712851593198944344104166296437717137188371),
                             float3(0.31478502626358748240360425376374928067550853986271, 0.64987075903282615637959545237054404431440089502568, 0.86963821812902064001077202549838064603162528135396),
                             float3(0.55378121741171305959721632671495373905002847282945, 0.97899236622384366812926325436243649304048270315359, 0.87981325498974319801160208121909947619568842128099),
                             float3(0.82049442370838784887282499453161615031058940007142, 0.50060613591988737268493173627499799331012514214960, 0.26595833381272841372939924918970760492980097660503),
                             float3(0.04677793687647220982394403986013171664591165705439, 0.37751753324398388520240133468537004464584576341509, 0.15301670791323727509467524714301434385596651049117),
                             float3(0.25047139524865057591032649766175579667925704504561, 0.52556551041340362995613486145847929767461166627688, 0.17507362356594613173115600550248199150376350344093),
                             float3(0.95211715801083565702200379411844909395112459892544, 0.40439002820315049319886603648289067757285835646818, 0.85678997875145281118722166487772261938529821474325),
                             float3(0.85212917810218384770818634130648257280764099761280, 0.47825697640597060079501691579538025650879325281874, 0.48649416266622644300446917163742201241940911229699),
                             float3(0.38065376682203278767146255990552279179743149344862, 0.89470255657790117619978861627309275613537863980287, 0.04097349624629132866518438132141102781336225857500),
                             float3(0.01738935105534698028761313851620775244024457845782, 0.24843389830840069751667356545750071237948113910013, 0.07338712479759617390967327608812135954784034208502),
                             float3(0.77217123387755877536907212817481128844700006333020, 0.35312793096954056653742318859506861779331564175020, 0.37759293662754097136297379033527417941654517479759),
                             float3(0.55570370194927826585572344716965487253833308856953, 0.71739584259613622935543458891746484084106923934572, 0.12535691224528825749097100150440818415224085233041),
                             float3(0.91906248158203715142833152014658561051099948795097, 0.38610125329446706261470240325177120092886914791919, 0.15718096604075703590839673956278262038627726460087),
                             float3(0.59561820350529767352351093730086641343843941621782, 0.76078591870656497715956912572132206518682867012189, 0.78338336853944476872350386189951815193261447105887),
                             float3(0.03640667821454770093976179872231202736763949965444, 0.31354881406644175070306589720532984697584459034727, 0.91379573504106631293736630781565794816338132717835),
                             float3(0.43025941345773076150545839262566905430230130466179, 0.87809983626401112589770144398867710414517488403562, 0.39718173682185272263999122554171591212171588262026),
                             float3(0.76596542208904629477565019763286272154454222756360, 0.71690060088400815003922721702921640518887512013207, 0.16086925365098253685900221360292634363884407113812),
                             float3(0.35528892735132975471182775168168808414685269272597, 0.12724209125208640053697427295107155497999736880627, 0.71442962060502350190359928907338390414962713477045),
                             float3(0.22294535892035384024261490233342392876229893916750, 0.62585967803057400682312792805722509081754728691741, 0.48581993602620108538588310199415377652513370791794),
                             float3(0.36349572461469360515225170642602869309826050831843, 0.78289789299658118052086959466424149264924608378896, 0.30198468669566515018752463760089704512613692828110),
                             float3(0.16273827570844565855910452143056649345732096801900, 0.59248243086950043947597621982134691491320425797843, 0.25403517711413676280928742450941860404032263954262),
                             float3(0.73449986083157329192516832059372036929546597248001, 0.63966363334109349649717079934876655486074509289558, 0.30852309063438795384502279188110482941763514415692),
                             float3(0.33194597430701688515483250316792553828333060422116, 0.06260863874529144135303186478116782205837265816602, 0.16159324574441555026805055812429359000951600734967),
                             float3(0.39036038789007395889973156580586614705212736790725, 0.07999357124863241175558322704335433716803876724315, 0.83563839250326913589049498092710705745164385107941),
                             float3(0.84489866629425292421312012966127205637052471365973, 0.75006845455291473040842864224087837312694286104447, 0.67276500844466977490371840534120341165946617525929),
                             float3(0.31651080932190163804412931028176508853864527888491, 0.29754423744012355833469353696363544304994646302563, 0.75549271834459501095141765998725644120421829590422),
                             float3(0.54851372652589578963070255763610421829407673455620, 0.30933038367461467713740651818148891482574255878787, 0.90378720720225706871681098785511135709989318915297),
                             float3(0.82644496078772642715296411192817887681841450348273, 0.95612338361826166816290547081836872285442148843529, 0.02138992808627147259312374048482120797680146934083),
                             float3(0.31816522773095657098783051688136614139096485311552, 0.98462602047523835707188321305361157301011474632276, 0.89608725367099349370222613972830244544874924832638),
                             float3(0.67827872775963097608160006937793981852027385010882, 0.22800205827923728489028303356123540593158529567634, 0.99236658237024178257631851119951983070760101407767),
                             float3(0.43661959719795529080303475576288452704694080568685, 0.43693316059288118263197053485424237833434035956290, 0.37527123856294735983253575524676121877068710063088),
                             float3(0.78191064407247081683348098783838984190357964109223, 0.77810785629103204788577367380951276571497096971080, 0.26862376652381251485216049898705937489190816944849),
                             float3(0.30967342472413830093884771855170640593606898087214, 0.14379950175096011812517531222007211378417134553636, 0.04437966341953455153393961028634515848483575087825),
                             float3(0.06207645659354263201222720113419525441029323400569, 0.91226800123087059271685306745377245339310695843933, 0.79644950350631750448584800202803667119231865049036),
                             float3(0.75671362320734927766960647153951131650088361517403, 0.07108322080295583941493908323761937956488747790437, 0.56741559423898371092009951891781367551532369193849),
                             float3(0.28654165176401302906436407990527612623730112303009, 0.30109872531355589208928620560962831307540431864812, 0.23151195256561305549601811121144169886379021225501),
                             float3(0.85358855952199230657253348252176070207065673658180, 0.04718424276516566144701879781931195613920761339603, 0.69514126268264863022038445951415858842313664627741),
                             float3(0.13564889408949213339239900340331642299846401858871, 0.66675399917778906433239093229044477360143541998050, 0.55696672386719249516767186861443824413454413169899),
                             float3(0.71014447544510390543673235854614096923669394676553, 0.66602838638305206590068479754005920954293317478093, 0.22605281212183238048016156824898079519020038715905),
                             float3(0.32964776616102102496528921562357085750991707638866, 0.92069937124476818623123744835803910691931502529209, 0.87768233377288873283571809807468481554933752426318),
                             float3(0.59998458068214701148163897757690666398037302093133, 0.39398708597308513447560207266660044215100166480943, 0.67515213719223467988029934184683605536179250388206),
                             float3(0.33339689829450424737969021428381030873112230521708, 0.44424739412056150987436844171024939935145736717177, 0.17669644500934792813697099672098452991785720660810),
                             float3(0.05204723995827807476329579999879659129144900460512, 0.09717739639439680441186154996752490957639270227135, 0.56039267994401561235302086753766046382551130753960),
                             float3(0.38972970241439487432465617712827676540616963572622, 0.57627896240942301922802060968681466415380868402201, 0.53250533348554242240974404102857474354631634086615),
                             float3(0.59516494934997638079914371679703459131892157385785, 0.57230071518227599390757238125051284808694640669594, 0.04914858229332118684996753658209523567797810987803),
                             float3(0.24693041304318260834858596285139497159299306977828, 0.76945185296761868157603210095498354000731501736176, 0.95498430987568491004096193890265344215349390339243),
                             float3(0.63642862189699250461580574708014087370373425198043, 0.39028631919827399970260494752196493563056353403286, 0.70162972172255038560222830195980841491011088397443),
                             float3(0.66417089742241334359910238861552320686096632146858, 0.46989339403071296007586016737911980981277113884541, 0.47075666764277993701942327553935659413663336206261),
                             float3(0.84657396254044821009397149553433768020981731464367, 0.18961846804767094174947988190682247716706519503616, 0.63310274248130707529713248001433480392401957730515),
                             float3(0.86083856047787535937302068766949485897403762628401, 0.68244622737923337357564961906012737520121297591182, 0.56891285941471148358498959809856501901390505220182),
                             float3(0.13790540243153781143658464467073559805900972639612, 0.48188246244893936913712571144249507978193231924890, 0.45417064701295446560652995892249491570846699163592),
                             float3(0.71020989407810956597524125462635706869892185825011, 0.43406875057102692815159617856987292632580098309837, 0.66581482988131802953585513772522447677527768099749),
                             float3(0.87620683175754284473445965140392525689276021742377, 0.93058366345032586516607233489879180191124971458916, 0.73389277397040628610625510248940725532695660098724),
                             float3(0.89056297210178960612257733616525447227457380131085, 0.35853365412115439899079113136380888468502273223789, 0.69524209092282680631345621980948052458617895666392),
                             float3(0.52733989164148890051032958509262087073692964121855, 0.18317489667515324449439301538825792870786413246838, 0.96017511132539027570723161943347257068978430325513),
                             float3(0.25541727838616574032238203945492882139723809130312, 0.15306615535020999531248308175743233696688058967933, 0.40914422583030773035774845878521816255103833470281),
                             float3(0.55659735153890269252156643852365179157040934645620, 0.53885539078484542073617199789954929918858441049535, 0.34577937131731189423351347528741525520705854128041),
                             float3(0.24945772173069462452098288343262018456940459299356, 0.46369250424428899419653323094961476310579730395698, 0.83308314155614761711694269786123627942877053291891),
                             float3(0.82765159774404925660605458849044763827774348144197, 0.70253751691692632585944003127606074433989053394238, 0.20464239004763728674302784706343573262989358202754),
                             float3(0.60823329719841345136202633979305961132678168684416, 0.20152430514098094951209345356864496056989393827636, 0.52460608774790223379886438351696361546739648058155),
                             float3(0.24580981439984880534814292805364564575401527801382, 0.40170203426057568648719480713437405262920014925994, 0.68410599620989155597452062671405302932987272478310),
                             float3(0.61520089222539219812525425238449721488326719048426, 0.23261800127506193002800772206965924713784421566221, 0.76938181882926008318953000594008782755158302220675),
                             float3(0.61219625860679977058189455818769174994456487927067, 0.22365703247095784581173554995573285574189915500649, 0.82919068099052167797246672127887286528715651217849),
                             float3(0.19957208964904956765071291634902583315483134862828, 0.06918976384796058214519106632729268118334443402928, 0.67615121026741500259653378969543125982681082227250),
                             float3(0.70972511497340097641459364383256648548596882269328, 0.07200256502541509896131898272349020049663575912316, 0.99724998633012175779952457954549347020741095595954),
                             float3(0.44152249688818696473746347670676436411600312828618, 0.45812070936562025478647358838233925851513086620727, 0.25896673741936435728572822392588872697240962710896),
                             float3(0.46714455482912019680983225369294101765231653349851, 0.93267334095749962284628888748666507958637897567808, 0.61504562067836857095696819522477439979461003032464),
                             float3(0.61485457523344174093253816417860795204585536089823, 0.49857368790805981963200754968548772388952080109805, 0.10426682075244620238111768542235121979383634848115),
                             float3(0.90695616103108974334687716843053009054676816300821, 0.98643927553942884853467653178163723431300986104414, 0.77781294977516414178643689979021316699194528605571),
                             float3(0.38883210215936711431178011517746171034677910234377, 0.51017041376261314412719377734822571737101202096651, 0.63835911305342978077107851135265774157143814325501),
                             float3(0.04938723931436949920077897273352901483512590102464, 0.94559223044952142011940934782312328532983252726978, 0.45470521313672822633365677118261267964836762871138),
                             float3(0.72593938604461422572639905028529036000360104975789, 0.14938427261789984093696320702695447275077416860883, 0.04508796001296413079282721765351347713771634489850),
                             float3(0.08544174016190703676561621305867893377380260345088, 0.08220323153653068242002236284162275072724367228947, 0.59143756809034749062527156344005458826628686419727),
                             float3(0.34740746637219835443980009996568359242588957151110, 0.93226221228904178957980944991711187620879321688436, 0.83776584523950730281454542819419337819089721335267),
                             float3(0.58957853207767367008567809676955713616658500813852, 0.99785686563891576445011658209251517706305413802198, 0.58954838811682570598678354248936257865512697082651),
                             float3(0.17767515270960537803583736510660428887381645559998, 0.06384235657982098827520026466324978258229280316915, 0.43742319514904100591209882904136829826480329836837),
                             float3(0.21237635793515500786354306649758941470412401146842, 0.95561000864007750810986931779897049509397234610010, 0.44034252556730262262115253816400831512507349329811),
                             float3(0.29953719284363526478224945679274227745836151116675, 0.70373723716847507094562930719384230914998281807437, 0.76510830993307018035158028044753578436655694745207),
                             float3(0.51020253070429053545432620333752251830741969960411, 0.06017263579932236394285373553543231436925521009057, 0.77394008826254256801290227950672418002775656120443),
                             float3(0.62580589194118228547793405523267681804182727822093, 0.31443366060609184445423123790274882477301846177613, 0.00284510247028569498873863816711922719748694148028),
                             float3(0.52885108801584856939040202011325260002919139312646, 0.19278522585298528760004062501517110519747550752687, 0.81488083754126546775225887107538257123302414955457),
                             float3(0.50877996300458462175367651076869734163047304521294, 0.30329552683768169784435213839195367536369939582700, 0.85335042927534968863584954916703680646978880522635),
                             float3(0.23472201045373986581221470765962596294685794367108, 0.69704379771809330533692297019589111208899439422894, 0.41062138366782357942399971855926202788712475080247),
                             float3(0.62231809727271845083173184597147843386329312008128, 0.11808287249252290699744499553991140001357579356250, 0.03406496859777504818021305171848239004634088613391),
                             float3(0.43032666919621107247897693711551716026246786800831, 0.68753061331283726692782750022020714630553885319713, 0.76015285741600923489679304984764789115458148011433),
                             float3(0.22852562298296931060552388255335212849232280070851, 0.70957251278916501369984001777613301525167380387783, 0.72505371417937732758587198488765700820503711678670),
                             float3(0.96955844166103566106739370890693444955506906226058, 0.28019639008228540718933223021752605982900917245872, 0.41051851934709329965683080455268950699545057131117),
                             float3(0.57479093782344123562430725921418697892478678159232, 0.19294285371909442719852691826920421681247934920495, 0.74863991469308789047193504736699587286505047936817),
                             float3(0.95479007057155371859783351085543196876176536397850, 0.83506868335075835390661808271624206941845090178796, 0.19664341572134778695633914347931418416804858981379),
                             float3(0.45775890324132094297875892090659649931637602378473, 0.81308943889430132371086712156877759168746285704010, 0.80234575829533524335598250626338355864014188759402),
                             float3(0.21405096152881739828415428308793792415362523649863, 0.94504797493875512806469138581244992852912340270146, 0.99660774516768250674741623830282664980565980883367),
                             float3(0.37543659848316700522629888361207728658496608209770, 0.25889874495671410414803432196435331659211775970319, 0.02722953498863347222507296204358072195414027691309),
                             float3(0.34561314141393233551892118692078608948156076949352, 0.23412303106167714749532646965084858214088940452159, 0.94950193246537203354887334992356746304233012420301),
                             float3(0.38954154937512479083399734386189944718932674260021, 0.75965354480494666966923596790401758676366049339341, 0.94668664450623848015637150487154931339642079661700),
                             float3(0.57940465700056125292500683670027108437227124372109, 0.55718298686415592085269429416631384463051078094097, 0.43768217610954394391044097747681595391373723425880),
                             float3(0.94272945071393486225750145723656083769524868530236, 0.54789586260422684439779653804107138842240057178161, 0.35425380472220343149726434888947127427892265540015),
                             float3(0.59111755772684624591177767642012947795052756843793, 0.04217181383085581392717631885245731632782569829220, 0.71839485104881242873685801736296923818337290760261),
                             float3(0.65154813245020031473346626627761470119755339144042, 0.48751918315267729951803032166898297117885433275342, 0.01955550288662521598021655586397065978400031147289),
                             float3(0.89286191471438132641147661348100682180417710835007, 0.51638407734586149449762860245844635268524422639948, 0.65189642456776175696770709750527573798923161422598),
                             float3(0.95715594265607343271957160462689329315402070150557, 0.61015242283574464524693628251813080621472004154646, 0.25586421184319845929967009256356728284689488241842),
                             float3(0.94089900814055649561376035594552485843499352265254, 0.32720473281534632428026662965852747623822911227417, 0.71283289148154238481873696761014261510694458097679),
                             float3(0.65267452709359161693069520706945645179110663585324, 0.50290678476325929971968604321923113853613188725282, 0.03483133762252825461759840859669736665603675242736),
                             float3(0.57100844759226991412427881707983836418851631034746, 0.65996414279411203094426529716308533433870712397207, 0.67715093076783627410351218094706885025785285384951),
                             float3(0.71143857074588580317846101217631136421238179567403, 0.31829458619495883378693971934584596089675537472314, 0.11513744469607436627548127754992693269359659786930),
                             float3(0.64383384764640829035926893571276701527361755649992, 0.05738157602168503590129353023270891512212614259877, 0.52076391039441113512935587659401660047854784323748),
                             float3(0.95439156554039293928267166772019715844032558119220, 0.88782732719650134371185481938527626108760719464404, 0.78738467934183052309385008819963479605498221585956),
                             float3(0.70657888268988855905482851316916176106047020596673, 0.69084553203816131362217146997580098116936554571570, 0.60682411624954005990161749169999477989892922761944),
                             float3(0.04757987895252779885637267087115842345857751292781, 0.68230872715468382000937707596938014110598343927439, 0.70076398102527969157252866063369154606009785449203),
                             float3(0.73906361997919195257819101667129464288922844573765, 0.52948037129694263495668839935057087294990291256235, 0.52625122882540813059381682801820842969767821288671),
                             float3(0.11392082468234782256760129250618935603629554341109, 0.49504719145117967938813777539670103751630287477050, 0.19388283546158498739658398866543990669999490511899),
                             float3(0.26856727446525504300348180714814765683017393455287, 0.63225032072096338525113352758036811250245946161762, 0.31509352062729529861819173241712668886939326501368),
                             float3(0.39305454082615747464803259096774794301121947327898, 0.69683152389453330616503380184102647030432670938969, 0.35042888198552859942292108361146947749476305773929),
                             float3(0.96355643873828304865875052409143488564064699474612, 0.03199786891867947855766924605822703370540805243213, 0.47126702395256874925025928168007184674126436082374),
                             float3(0.36017581644903971663599750238789049211855505197178, 0.27926491789187786594200566405318616985384932039903, 0.60330149924384432547525430994661549003069586309316),
                             float3(0.18817006379822005837200499257412299069963906993759, 0.21873655315177020227687836254421023355466158049618, 0.28003113926804382779403293556048873243138584023556),
                             float3(0.92254594026243149562343446201355653470683804781078, 0.02933615309579517580214286006516224696829284776318, 0.27647608059091166604300443011619194688119110849834),
                             float3(0.74936354695000804075920344232966749086284484655709, 0.85194987877698277850838346722914518524646165693414, 0.93988742204127491272373192304805124474457931296565),
                             float3(0.51358840778745759013699358808049355305475260252527, 0.05179336866689676473225581384951776986443434174056, 0.77913060657687723188541082693085701603445539339810),
                             float3(0.45458069008499690633508415127764822653265244246704, 0.89109397624334603655802196779245079072294342109546, 0.37468706732008168326394079937788094078143971392009),
                             float3(0.27475536251932234172158578511637419713317891213941, 0.89895793760698398748096033326026546128572911645971, 0.62965603184919899019585707137152291091503482996070),
                             float3(0.92439717326262938838254502273038129983572642364422, 0.10680671947299778236418335280734170547296358289152, 0.32197586167797941570428363332793143839867757434743),
                             float3(0.56607098301527753125412265078300738769266533613919, 0.62619096750084683911876302479037297595532616630941, 0.18964265232248221941441969168051177764388635446863),
                             float3(0.20460230665737197733844387661757516759295390530124, 0.97685869591509936225242545669616063686294664402820, 0.55330208860330764001976596821443898494113221035788),
                             float3(0.06112427721437765289946635514238530737584944463592, 0.02429951573634250790662194805149059909333244628516, 0.86298759011972017365296134456388699624996067732460),
                             float3(0.79873867453555553692021878938022773087383260164147, 0.57082717881414090198412194076491190740030887492058, 0.20695247261333192747504830761180359192034480416775),
                             float3(0.74740931421064181977449811839958616371730401729795, 0.64371731745499566502902772517237350861005420907339, 0.02748014691837798972866091499654655628563321068207),
                             float3(0.29936911340731759687063401960248293520833991724993, 0.08686245541099419279484467290289109058419221040782, 0.07799491864920689843583356589465377475703659049061),
                             float3(0.30012915322158054820452076603173546440301441123202, 0.06104980205650764361811215931564320422610494895170, 0.30470364918190432386843902343904015766256944273009),
                             float3(0.94971834381887166866775746592866683228245055317999, 0.37387690303444818313408302363809852222318420423033, 0.18983395331591370638175082654016423270252215123820),
                             float3(0.92954196536797958305698832267166995978256648549226, 0.64110889716662516505731161038604972672544044081830, 0.40441856887364390474390636808709971542380474770113),
                             float3(0.59473893664405296675787990531708199544140179554678, 0.47331448134840216313107381092150573545652675718266, 0.32791276958600424333932254254670162153270593764600),
                             float3(0.59195810364333489772617792330638462823060858984751, 0.79801003441309431491064080843214180467588461894266, 0.25504549438985295149208943346490224600639109007531),
                             float3(0.94026904963275375297005704669954737112975848345390, 0.85313593214863376607224173386673982704059292470541, 0.20393919818082035300722844762392353293677286098709),
                             float3(0.73295905199659311119400002930732949506540000155994, 0.71486257096834992557039427580864850933538270196495, 0.52904092433489651710349772038679773082810397330911),
                             float3(0.24255472996738086768995474491911348555737816483843, 0.62529170900317729899137265320666962206876639564593, 0.46282493849824002908661026355801766150718340034350),
                             float3(0.05819197518082284229782849876922209688588982620109, 0.10701599111173379280522858254711317999280469111702, 0.51290587752104997697484921618024262692516474237080),
                             float3(0.25724492785987367030231327769767382254783052291667, 0.13553287478053717676802133679588123330751326314185, 0.84872147348461876923153029024895370744741903844322),
                             float3(0.17614688220791776223765238951946103872725105272011, 0.65440698410082973607202318782916298236973947269937, 0.01573988208449468506171882865133158501345264619836),
                             float3(0.43424690179917996624527708569175188788771042577974, 0.66330654149215874641854328957315630418306599556858, 0.50799556295341479635497524730930661917775650310884),
                             float3(0.31760188363283888248555386384908132358485341499008, 0.39415296616585608955763147522788278709469215327997, 0.01699734242444008004624891925827677036592106295882),
                             float3(0.31328798024883458611827155419211454455921416740313, 0.25819385379664022534259658055609674977186915492745, 0.53902396701315515214128427904138866304349306763562),
                             float3(0.04260886891929771966686660120216911942254781619256, 0.09005947645454118249556874543068924819286088489722, 0.70001040587660881968982617211213867346958239509958),
                             float3(0.45210853575110140492010840902762319403651939257027, 0.75250587837820062347514358187403579785122454233787, 0.91284473220188480876237764694098918614203707195045),
                             float3(0.60411449145357121001685581950091150632664917230767, 0.64749074340073537534742609219826918768026226076892, 0.33731104191193832074979300204322652555157897349670),
                             float3(0.13397057964225139977556253469224490919886774699923, 0.08845097707928001854949871008627627548949870447435, 0.17562369313453005070999871508073221227505286986791),
                             float3(0.02015109472410965026213343128493370058812958231197, 0.41880765786536294960717928899155338374220060767581, 0.82645583743141354085163933868834952865081456509209),
                             float3(0.79418513742538405534337836031587998277093015794006, 0.59530262088836302059975988954288954146512554081165, 0.82095818085860038090605534809627030514945382340147),
                             float3(0.62327477852152472444253241606402737102707802999614, 0.75324185031225509271772303437931149904964167246435, 0.32522474164964280293761401619493545348000570610992),
                             float3(0.25922646723315071325378912656791230396422016360999, 0.15363497828868069440612348090700270883790203072073, 0.63458716581466712461776203747331101025347189575944),
                             float3(0.16604575211875227481480961867047719528681910653511, 0.53130898473451254182192954554617589706348390102116, 0.56039729386455137924131390931055793087916130114583),
                             float3(0.74089258407411067809122659705809059190954440444137, 0.25674820560238550299244090261567602779008600901352, 0.09062222145034803663491473501705081619733134684201),
                             float3(0.26833717392987779810049506822888605062932972257931, 0.15398236629935662008567131072246665289106643701640, 0.86282613384323259972520252284745315994538884565338),
                             float3(0.98183612493554792912438893166127119141245892404032, 0.22484440371397598728963722514878259713230707319809, 0.40962203137643838917614403587685463788153991155542),
                             float3(0.79235982757483224131146054939795611191898402663276, 0.14263230597120534341697157920464172026639996130226, 0.70805936030680220855497421225224638884539918098468),
                             float3(0.82176820240713087669484303228802173005284218694015, 0.39485663370783708133401475760021082367859623871947, 0.99051553435513309036061095533650200258882512498210),
                             float3(0.07767913354541763849980986182163779068446922286101, 0.04790860846024834941496698309366236784090733435893, 0.87869575395370824863099566635914924017834472485940),
                             float3(0.36657539905172121194186623025133280829306272621078, 0.26726905833875893023980987993316285423380117604567, 0.65735486241676324259359132074643575818499278987550),
                             float3(0.76081847862148895846590450387037601637088359933728, 0.83133646204689538910596897283122625012481318670670, 0.33408324681557900701263991097151027739220982830400),
                             float3(0.64271690742997148729814469642804589406583786202941, 0.39645307152944561425951845625161659868941269756249, 0.13629231377422992228089949455512412906080802489218),
                             float3(0.12844198650131884179691331016679181850382967044726, 0.77823981428534954492894563854308997533459240217470, 0.80316312223285613356602040266291801525505160631619),
                             float3(0.85341812451940959984400157556964998115267587793481, 0.43508502475094042907787354528130152007884209881469, 0.31638862063440081120230528020549038262621855377547),
                             float3(0.72339747934559746947005260034997924359976289597992, 0.67306444273505897565036202127187077237287549911685, 0.69599533239881221234942171881021536845747679605869),
                             float3(0.90717647999612746782103980482987238555528660460075, 0.13047126816485776159835314210473481340294569466403, 0.69818880202700875641742853639375879890098894434751),
                             float3(0.63803029034227100993432455354742791850706489388467, 0.99842802804830484881964848706110092450035806405640, 0.30529638792917792626600766488271631900836264138758),
                             float3(0.58629576273004135216342024443268591427269415418207, 0.48786639681742235862952733127023324396205025250676, 0.44998945395522173129802573271269924922177049559862),
                             float3(0.09074179896240619716791291473225003608295067555934, 0.45585001016236310724396572075066827217161458502086, 0.05825778111254884811086399683837540337219281377731),
                             float3(0.01553610798132548814898301128746854073329384884897, 0.79924428100627948679011527596401480909020325427661, 0.18923760059559222595733228131365163674102270906719),
                             float3(0.49674923806857524175579332794962265257288136797643, 0.53346143903446962715806027821158740675008990436240, 0.09604407618181930921274779378666834721546057504365),
                             float3(0.05627888358939307026495658276170877936831827085507, 0.78511685146861398536745263269062760279309277081572, 0.90938365002540245198797672299129360803542701273617),
                             float3(0.37077385549213093964163258220744686484334864491935, 0.12875570025602746781343482320341827619622394755099, 0.11716830916160210176148740954996314895315400073060),
                             float3(0.51596818021443201384794401331511768502870295474649, 0.68794795046579075932389240705651601035555972140976, 0.16137102272705476619875618554162753567994212230090),
                             float3(0.58990443038671732479998627865546901507928130435216, 0.85394301832308445189661650985571563900059999494170, 0.14751903928029376109812450512543789499954810937587),
                             float3(0.61001931412926544761970554504868816559990548976700, 0.14919685359410229002375493985423084511118626160430, 0.67019964240577992797585738337988867127856242574419),
                             float3(0.34942474085642712894718709824040835002040185996387, 0.26786170888448121812693299864458214091406041314678, 0.53000103643996013998919399413056466993732432419918),
                             float3(0.80418660850521438162174535698978169741090024433475, 0.63626534324645591679709139771051488484505785167521, 0.22580776945558946006504394041853491987384068725691),
                             float3(0.77554780394388566418183897272671460458001540391322, 0.79450780631162865182282838045286461366244396054144, 0.56791124388141608111801972090031831806154948013507),
                             float3(0.65341453703428393913271285081433787160292805234078, 0.54935350250336601726579008252641704273999991486597, 0.43655834702810105919856208198023539526621864197012),
                             float3(0.05042894492610994044512938792391344385566948647984, 0.14555948023487596460261257538121941155787263136596, 0.93461227504190887286826050712282625528120444984304),
                             float3(0.38217567036127649544333402382548690609682019352737, 0.14027444893784095829799149852917929546324988010734, 0.86289472622239809072032577725747526687634256894521),
                             float3(0.82687043520176100093397761638245230881753240304144, 0.57949946277041878607337750104906040266333845515887, 0.13085439553998997565054542622493742556731412307143),
                             float3(0.87767258442558552701671404308741903132322659200474, 0.38211586981603455167659625916325327192200790062330, 0.89831626605148970960462036351778508927225335021702),
                             float3(0.15857572019166231133694793304652500385398062311229, 0.39132200682255590910611482895569045273844232471882, 0.31379519399288098966250059650252492384882566552352),
                             float3(0.87280092643857715546436188534275902867341353820926, 0.38245017049791419558800855341744400895304036154580, 0.40989810314178628326439954082404468386595340858893),
                             float3(0.68625474322846468195186365714314914502632879980240, 0.43186244688533059322444642988630576510144495653706, 0.63661514357503044387235022085095248728827653578288),
                             float3(0.93811625231463352561930160495122714287642367715438, 0.77334254287380631872250514809102109428702928442257, 0.79726007321044441674622854925621143488967587856322),
                             float3(0.47030296883496495291446359991849610301931921897850, 0.15573095416062619657349717078094964746142081242772, 0.83864899035997644041254551853223794857531405934801),
                             float3(0.65915491910318243783513109828372689674397503897192, 0.33444570984674541520419741044549262536328716317035, 0.56550942863492885820078107130638035760650132748724),
                             float3(0.19686782374878071630563487798500314743255968701756, 0.84525029655284150756821920808163277701273313643478, 0.83735559309391612370684945799140855181013085784113),
                             float3(0.78889738082376077870656563262450680902778691553345, 0.93651961399064606515370398713985694878743488754649, 0.83407059983393203596611507717735185546554502873739),
                             float3(0.42207350837512027327495533371337588666347534342872, 0.30372405455500155719511450454494570967612668401410, 0.01615924646183437042239527178065423628565929028956),
                             float3(0.04790658823201987215720909860498756183854871001621, 0.72573896069147520374786766301774005499074342383434, 0.29295424870331099313760301240370277109656119440259),
                             float3(0.92796299407338045700072662412245487934299719081915, 0.36593608341419676455936809085700492927527881047336, 0.33895226485691334942276107352277204370036174076076),
                             float3(0.64251713854755945792183368308800470212186505761515, 0.43265340930981860417613613949426026248759023529498, 0.89304496384286910584658020157821807072211378238192),
                             float3(0.45611514309460550556548658647409050792835405927413, 0.01274927102714172039405841779954877303533922124532, 0.82738956784908422558874009512612964220499735637712),
                             float3(0.66758019326996286278867124410248887060330909062638, 0.65837787323618839800461029510248500857825543119629, 0.97797076626518396982588957338179132477516121669416),
                             float3(0.80125179529359238200319779540581510491883746832340, 0.33633432491682200734684471603297031443875689272313, 0.76207769150049219678707994452769484566666959699469),
                             float3(0.66676800868613276390359689073166452646377354292559, 0.14028613038749065740834253281569050623950901015057, 0.21931378752864901077266521886082449308425409160601),
                             float3(0.65875581388696719739957415255439643546314736542689, 0.19315113452244678027944223082218384044644116561377, 0.03969892267325373772955155128587751439727351161786),
                             float3(0.29157367057101120187907146173106715331318257458316, 0.03371067588239213085322265214772427242368603272875, 0.85126773660913157362330473384172180528954992773029),
                             float3(0.96852412100198303492561518835626657201488779321051, 0.37614282277927905498736203813441016329339289267478, 0.55307800269635128397667417958095042148426360518412),
                             float3(0.46543439634454373899062365779198901773563660916118, 0.45888647584230148330432626257622305839223533021418, 0.04583732090691359201678545036790693973483783406891),
                             float3(0.06659536271189709175796349670613111087580351414387, 0.38707864108793726332324989405181928575526983195199, 0.30557804960811775153649639776669487649788995571805),
                             float3(0.84115145446282893459213406179099386229695727818439, 0.26665222758479717367548051984255482023430286866954, 0.02044044380589342531269670508761348054891093776277),
                             float3(0.30835137111990406207632369048532469271773546177673, 0.21898428659532121845604655356845752538868976890916, 0.95898931964476474113200331944727868153591818552981),
                             float3(0.58955267759997962202261258420760303287147564508151, 0.88305010260771404711181885315639347060730700151751, 0.43437908394375262706670063151459227033038860145251),
                             float3(0.53318474913858233158928000361541431249652386556958, 0.06490168479900068076242377012684491756861753952264, 0.68082937369127148345051930416434686788446222910596),
                             float3(0.29190372756505321004174572035750936080752862536333, 0.37017801371752855729601401744453315031547443061622, 0.89191857473333475615465395297461612094449307441666),
                             float3(0.28865690901393446766145679295492827531546908735488, 0.12351941307532235557722927355434173033590200677673, 0.21714430431375502651341303197029008017342178721861),
                             float3(0.35070837360736963531807028516774116861539979226172, 0.82457427595214001348319905769686203501388708656611, 0.84150169014432640938332203683739274286814259690369),
                             float3(0.93157511327309714974151353662042400655901201727356, 0.51957450594285856532398135433878909271084401370338, 0.52079971010608165195515766486214016947218951705070),
                             float3(0.95704397565719801917658227345782382636631398962209, 0.60174100468882430337860702992662511962768079770732, 0.34329448785053984432052301318517546750002663344097),
                             float3(0.18205818568068545470962640967309166360211144211005, 0.85722115650073756606685103890692337339395421749626, 0.01493646200221913962803323319287494906911132437621),
                             float3(0.11838859263104044060070447550770662693522879282823, 0.52487290354274429245401522502158915363666127342689, 0.43021498519127050995189590510706118873606976607683),
                             float3(0.24142078809248346348257975390575218571373273592574, 0.53179180980974729886047819629849163748854332455050, 0.03613291649250904577047712659023596394961487809982),
                             float3(0.35979936573450400062258798533144517386967761104678, 0.39545607360755079376575974417925806471906930983649, 0.38310369289035540219018249956936094419418586725497),
                             float3(0.62505696340756654504610902719034639195889046546353, 0.21503952903308991794673352999458198896612390125405, 0.88487750886521360674977723898245323311757821452725),
                             float3(0.80509432206175662883726683124631113539929889997879, 0.67572926193602883717156181194873871888119871415265, 0.06292610758590020721062875422302408861011746574496),
                             float3(0.41207398074267723781767422265337130711830836897610, 0.12972467444606065987733086799408510235289982372765, 0.65844988719734375884119913148757907182095755058464),
                             float3(0.73423734490878736018071704046683473558031772050877, 0.37620822281177889204586742550343249497273859559867, 0.98978786817788516549770831845812259769383973098847),
                             float3(0.92329995822328763744366635212692791124849618554694, 0.60781001460413315396791245607739642274932979531608, 0.58502208823944070173097941949330999143177856156762),
                             float3(0.96001430728712994719770538672496051994507377266280, 0.94100662083558346339356866634531025494878824041439, 0.19355611401095758826042830420819086792506637466285),
                             float3(0.30254790494633782577021303279259663900038737281167, 0.67784281079785133607155362533454951103891323704430, 0.17694762796142686944285945770199613398770866961823),
                             float3(0.68907247504598531465042799954603647848915487067942, 0.56174494625471663154842222131619075313056689589849, 0.15573408364029564779381039759092833684630526812900),
                             float3(0.32805072321200233415531056036377146962574555166474, 0.54811124566409406483047268378344983374161367409572, 0.81919303980331320157096924771554535554716023256387),
                             float3(0.87032506298498681655726535918526111027980722779023, 0.00518124419684067498815471154773914546818446377393, 0.77459432080385052419942236229902545743869751815508),
                             float3(0.02068506256996643745421767133672255934233046181407, 0.63783813294490982310133165324698056530134707201009, 0.24885439956681405088795201150584911261517724573457),
                             float3(0.10646667382718472997113552863961497447386701383160, 0.78914744038528000134539758404436679666498872586004, 0.85007128216638277382747150525744858654397980111269),
                             float3(0.16958407595658057579233911880743126836189677040074, 0.05730785758280725331032678855113861358387449161979, 0.62931900200086788732224811599526394478913736596728),
                             float3(0.01723071477535622861680950831042653631864017811317, 0.88615434070920879791376359289141382437037223432889, 0.87110936009104543626198587844770340336588191732614),
                             float3(0.34931366096099863773912067094313285191104691695319, 0.84020771249257742714258242874830840757351297044506, 0.74555228403377971557319471407701149770257057971600),
                             float3(0.19523741364647877056862831760068027857104262969741, 0.79085365315810523528230732637554304549264308260928, 0.64913028556635474802403246353045428978828242664168),
                             float3(0.78973690072915222710058657154296372811932501118693, 0.55968392841735042909398619491722710965451669877240, 0.16196619631691712490483628199330272454189390143264),
                             float3(0.20432159719582827371265916927107751909267660834593, 0.03542759131768126130781166786451228402467216534591, 0.43373605932972209752115210755936075848702149054992),
                             float3(0.42904308108547896140018188248322639879543493750454, 0.68913590241923963058235940941420189584516776381548, 0.78111841804353203839887656887474262369683933525089),
                             float3(0.86649052291291283912733833162507599199454673503983, 0.43247169375242606171945041481509974300392112852029, 0.95440095721263356891328268984358513811678599682164),
                             float3(0.33273829517988556726789051387614912631931401518821, 0.01594442337922816722368089512165582553386586548634, 0.36073778692499329475635631496662622541975328293316),
                             float3(0.92401657835726993990831703529229668672815858323979, 0.07962281081254285344690914090299159598182737737137, 0.55449883275761240434997201335981649504595958406147),
                             float3(0.80408521248919519869155092497651131307331473449361, 0.35923645723933105618543490093402761983698180051214, 0.14162348331854315556281381584173038768314061245525),
                             float3(0.36886841577328571034972204347176305119231553854514, 0.22264405102421616839761055265810605517057001106909, 0.54959774086679666568977869363778740158942489945640),
                             float3(0.48823138654638661720157824666821057859423818756316, 0.56303103849363696250372639975882163733775352102924, 0.23040098831353861048201584000573362405649289923856),
                             float3(0.28179850936002039190647090280753779341220288170507, 0.38819855927588584213199628277085561582869382932549, 0.30823000710045881535195725839217286683607315092368),
                             float3(0.79130907346634288008211331607635144999399241308692, 0.38313949367974690330149175860153059947863325404570, 0.01011010155027147516697075524361213115952844506185),
                             float3(0.80407143727482787980843712753844106331585500485662, 0.58806387454121180875600299828748815474213593580523, 0.46365119210381416172550252578972727562940431598370),
                             float3(0.17182984179786819524044740162995116756253140795697, 0.75835375351582530922128816751709809932627984793872, 0.93588491276044409792928593875629452678376683974259),
                             float3(0.45303085182507875187592066310801565175333027517204, 0.83013481924197652917701436343664381897598107649331, 0.08422236385498628956282639559414869342383545677947),
                             float3(0.66569264785716697352517336868367811573079063207224, 0.56404026690247352141205696485381962370970536981100, 0.71287751930340057627550786806351533738900802420078),
                             float3(0.95868899227336200950498266921049184447589523802820, 0.17634904199387263214019529778658160225371250992041, 0.83395991736124882680524565385568585126014568295578),
                             float3(0.11516872913615139199769434004829441542519364255075, 0.40660342341000283997305688676283638377626312613310, 0.89739663660810276813935385174625134505414540030684),
                             float3(0.63939422040494811722619922533727426260235839164367, 0.68036177783251075480769320668470409939511353954792, 0.71656166517897230902873998390901161390326299174291),
                             float3(0.41703048438338334529723630204683191243084799736164, 0.30645764781126636056411674064210683213029364995123, 0.91543079262302700725564311693065507241048212284145),
                             float3(0.54134532219341509712891642531110183912511107870608, 0.67539574447046170405756163364550541532154305519283, 0.10069385346893186292657634271547621279749856308353),
                             float3(0.01953539101626069156182629785710989057551993140289, 0.66493585462683200515906939620783401602908657948836, 0.01451840135385110723567364143379375264612534906769),
                             float3(0.13454083403117275196414075966602622072904356697348, 0.59236852854903486962085113212232475418868359146552, 0.90780759139817005558764187164828699294327533513661),
                             float3(0.98723679330267851719620465406981934901249756152395, 0.88461225511325745356273198546772965450620507895436, 0.43544465491496697356163062963255342920806511001793),
                             float3(0.36455769748784703442401921205355085046934858961596, 0.22659388457973491739254208228670135827517462257297, 0.62778679140689303054635806593332491318390301248724),
                             float3(0.01028077660833836984140556328518168803062872108598, 0.54151026801075384932579294335478692447555382146920, 0.76197697526933005665448525610509002461105757952096),
                             float3(0.48814916919809371968106169473606612804462982384738, 0.22119807868167268429671729265470838543465441280873, 0.52967728809381111410289571200453823161883294413908),
                             float3(0.39655775605993633224198015806423674672593130861332, 0.22071576136442018716215773993097867916716181303701, 0.54020034064180713871027374545228293107595307964052),
                             float3(0.58146121105879739960661652884760085421818406096413, 0.50439368966428683855250387291066552051092911134139, 0.59704541577387185538881598693661859390114773109526),
                             float3(0.06779701416856473480942191934175777023218699707685, 0.00367263654922562826894860256020184103442928567493, 0.98062256845585472805344019999112862120000476191716),
                             float3(0.85505938050193008850659900257273189233716238567997, 0.23160428327136987624695069660365899350681336345787, 0.94531855107020773347604804719280025859236205126504),
                             float3(0.29135492501434564401418181312763686428554991632343, 0.78465958119469921514279524744228545636452742345304, 0.10775323840190751661471782500758794374123925006400),
                             float3(0.46172030591413554887617896055031101516883162399026, 0.89915496630198834855969524401381918960839829682309, 0.80561550942637194977147373271267498525097813889384),
                             float3(0.54581520252176874261225518597233158138424220914887, 0.35324496936214077908157218662262335667626844241446, 0.84566511661478744674158562243652667212919485775491),
                             float3(0.54137344558950042897890732677460762359567093214854, 0.76337036809099882672895748755984912021099999606755, 0.37423116998714866552533880927332508549412848093903),
                             float3(0.53085793238150001509630723670091460190376493949625, 0.22881625769973455819011847529267113842079180971649, 0.22461002789409652366806340493630538574644576418467),
                             float3(0.08544094796334079907514805351502655548683471046654, 0.17067566762645150615123259936424943327715252564404, 0.04393070229979564477569076782975484465494886365916),
                             float3(0.28988155438353513725637899390486267220010713824134, 0.13056179432643490172943811170052031001305496620014, 0.54956449614290527964884830267505816834480407690801),
                             float3(0.06461641650419004572405501551295060991316534148525, 0.17012970679809713556482827943039795448295109195909, 0.03709658354109195554606973717846246901990864795031),
                             float3(0.10003662450688020943520497481293268605608705541161, 0.50346481578773129086072265746727826271463367268263, 0.28964395591238702880184194288063604564586048845395),
                             float3(0.66655670911502958485859369521668693342392265328829, 0.94609670981123349401426344373013243754164291673518, 0.64341843948466054661553558080956014784519745632786),
                             float3(0.14026064531200812803759706239208858827886917322639, 0.98683334996832660444198624083846990140034224226509, 0.25283485773614893353821696737069436076466743624042),
                             float3(0.31959947640681643749422051571471894542784092984756, 0.33906822271954454378594181718762212407415912319860, 0.64559703263768124064226853588790068694790836662311),
                             float3(0.93758705607384579825248577957269441150239682725240, 0.20544380766523685574131489733453088632062069369018, 0.31144297026820137638650323109454241813282929321102),
                             float3(0.00401402189590786306273634094065227640502143786411, 0.74788236604318359420598080635706138811593733582116, 0.09568268408703586091288460099977682077594940706918),
                             float3(0.22419665789789617054275624653804726433481506090866, 0.18533990619112648599195694777996405641034276513424, 0.05983614207212551700927597616725610411764241075397),
                             float3(0.49132374038595527978177726342917720417919486224405, 0.06236373695980524605846390526376775383872754578721, 0.01640503247232323830008749054277985415482960521049),
                             float3(0.54758536802965444497841670657102016316888093832380, 0.13997369179937618863794127748116501696623189343181, 0.68940047532942710161394727623608735951725053260289),
                             float3(0.59559882073109133404034114676089789908732584242604, 0.14996001024368156598077298823996060315791028585695, 0.63788050386777652940261445042358874964493425401469),
                             float3(0.17322477480646326484132446603741424479254074005150, 0.40916148441976883296427150699267614335102247986575, 0.76162255927101227622322835119005230706028323726573),
                             float3(0.56925081602655421257412476886954695213618486206207, 0.14268691931972574260402186250853232907423024177769, 0.98417379420518553543237392758590429309554584077497),
                             float3(0.66333478182399690884824623112736812879848347138112, 0.59271637039135073803836071508395130535457781605398, 0.82283654701624711439948260012591729636217601924949),
                             float3(0.69893001266412967894646907962443713480959676051733, 0.86974070123525723796726442407931035810933879197040, 0.83265782147628207852659779427947626785275054930348),
                             float3(0.65280445372835834279356573349123312568806549510002, 0.95206362507971858198797968873652675990887557299664, 0.99846374640457441462802437265016078259087071521181),
                             float3(0.12695287026893072625153218276169376645614926402050, 0.21554136618502370008091532985485309034290251143525, 0.52132501170372090776305422947868973357076347817043),
                             float3(0.77105749361136004793933779697326368176650291986514, 0.32541471304528567589857140367450426920413975607204, 0.52958968791563892126110637533006468259924560999517),
                             float3(0.95354087603246311738324003638083669147564506578079, 0.81070385169706219779910754111275631755299102488536, 0.64043903120926832560288002859171218491264491072627),
                             float3(0.46137641296979814020936923936445342303029281202114, 0.71238127981322216805124509075171117638501867898740, 0.53306953709080735505433973163404671938257522759416),
                             float3(0.11277415888760049893737141422996877634292668315477, 0.28925691764227540506871963063239043861641638331822, 0.51418368636441813640408844610993584877347306857958),
                             float3(0.71117458882299771980239025752896140517244569211133, 0.90819777878203548003289489415890358596526238471051, 0.71933823858990794317793320385946312863000244481277),
                             float3(0.57781936752478148761659685751940635047804792007053, 0.68119069278913555633733556061315766604937266876334, 0.82382727297777331044724596679075615825501791195536),
                             float3(0.17012093470876616289862783161359654837256636325660, 0.99957056537754489611646029298339479821366353233976, 0.61140309689496080490797297131454374039494096856799),
                             float3(0.27432283841031199581228943313158068802381093554376, 0.25712632225885757288710501770686164538060267796686, 0.76936300818114229880447272779364664673392414486769),
                             float3(0.03359065442181107059953988896201330416014099862661, 0.26534273879502101385200995309440673279468178499489, 0.40128347520466529552847366890814787668216599306218),
                             float3(0.99346711077544772404495284477180673736304375505922, 0.91696661160975027042283853862532700601621764163272, 0.65106353499660804440973574148809052412812347603231),
                             float3(0.63749696429804195775123203851207883162135963678394, 0.21340827948366493043708712790102701156314481889260, 0.58135315488750124369929557611345952526596716477209),
                             float3(0.46687048215648297984184480836458277473403420283606, 0.04759164732565062389658843171349189839485297840857, 0.50783252148256438491318770416331873567471408615025),
                             float3(0.44978906397930606817612005948949451084562781574322, 0.09565714266965671927503080279824508511226727047440, 0.22753284820663605378124045182862138901424167647020),
                             float3(0.91782992820252898776573998553107707545479170691921, 0.07207469694861405788236347907803140595806672079750, 0.48172358444287614742546704332789598184815971468713),
                             float3(0.77315629871857033795109004330551621684743163442232, 0.81551511835406073315880700246671168273186688228005, 0.74961637457924048858144893012558253132055372908950),
                             float3(0.39624524430948648583803021099842852438604572504325, 0.24673533969623088435744728768739061279992641018896, 0.18767932059854757746711641728130293687657322790943),
                             float3(0.72573475826691471363992238115832681729026626729075, 0.12390580954736405198941996695390636950204233589844, 0.75427331754899714130487502817823451432989238545781),
                             float3(0.43397850379353807400778190344927158310703838797968, 0.56484938321036664268500556329943743832864429268140, 0.03379957572144700151741614235399521673760608257159),
                             float3(0.18844726495773178467095453995234841743700023306653, 0.24104548747115737957965754675850717734025794380368, 0.39003393669390719930612240489425797546960739739333),
                             float3(0.01203602581316848822051151547400045740865003516360, 0.04867737045502454850507256695369864902036942526668, 0.87385443488934024682965813376749042045153932951381),
                             float3(0.47871996171656628012576214510394029482424511797035, 0.02550495696995535412231611415179769121070933064410, 0.08843407466421088575435737459771058636701274326101),
                             float3(0.29222805060374212031231735420476807183257319594456, 0.45695150847326567381053749265161541832862834436620, 0.36170906048997726333722511346872484105726989871381),
                             float3(0.27369801256067048670622770468314952039796094826508, 0.55609808046424698287532573162796099938134246677747, 0.46707099147559541721558940391042937239278219406495),
                             float3(0.84173121037251726664151854952888638275719940934322, 0.29521839232427329205536885585127220565552364319790, 0.25481459702939834611091971314026738960155999655612),
                             float3(0.87325959334012378490639332242941911891358158507063, 0.71724057425145126025210577216415700828711328482760, 0.39139374943531483736670951294406064173730020872594),
                             float3(0.38207552356004299821604537527757266517538248845215, 0.36791825187435265240544225356185866533479249024876, 0.77873480518688436471569524201739126201893937285216),
                             float3(0.45154510182703144549069958431663722381413237319387, 0.41135415398344005627418915802540857920987658163530, 0.44068761238627216712384853406879152958974159790271),
                             float3(0.44850886569788465484107623097204983066050605636850, 0.53267136764211557939677244212547562338377379344182, 0.07818834145985776201659436425443607887862047585737),
                             float3(0.05531248524244956304036226648399484530927452582008, 0.96735734200992364377323035781445583647021263130121, 0.46560764575681214790047853273796429856674094634685),
                             float3(0.90293953389592822342005825043015362576049203275984, 0.33462161210602218845266976679270213945962153430838, 0.78274982199595932265725422519313830175083804461015),
                             float3(0.72331217642125793242626851127408924329755619931081, 0.57944901335875406824470974621436798586282299037269, 0.68659636543362698067224154644437617233083428949148),
                             float3(0.44538080881231684740691009579959409968350703758233, 0.79537539645308635633195438834056966816522452082008, 0.40128504409826141041219188759267598987590015573517),
                             float3(0.54566009724804313966069827611508831202751134588295, 0.61810777913697906291699767298732767379935212475584, 0.62810966143173795338251284775451231071817885622167),
                             float3(0.03646949050129154586318377950963290251509858899922, 0.87239812925572866728261413702250128947456674344773, 0.09056449135647058593160958310246718832662379550268),
                             float3(0.12547837254760887197707051595475864258237298437580, 0.96160510841463186474349543414225139183935712523924, 0.18461141937323741871644670020324450069788484589845),
                             float3(0.17197200680892480040444876513574049396225873842648, 0.23326143818175982269465097939365745773222332001086, 0.84836390884252676703615373906155316152255390780863),
                             float3(0.37663382730891967364561166178719426199016708130740, 0.10199944221241988665816684412678018171899723252708, 0.00811333190996976263460027192685423941271631530814),
                             float3(0.45530166526841023416310757749964666019586051512103, 0.42916959538073328789478835071496529203472193057007, 0.66938746993352632856194787580530638512580523737901),
                             float3(0.27692593275801687590871276745752477567428586655466, 0.48055263518932490458487102600164703853139358598386, 0.96114208488387089703525181267996289734206416359948),
                             float3(0.42344959776960810424632690247454223487784508142828, 0.38767832515134398294052378518159840422250297165537, 0.83923011327431502408290368950759990614244770623906),
                             float3(0.79541144148084642316868353886020842657287016989454, 0.75847059898166236922234972306894097861991459248311, 0.34593002414044534114954590889567011557389887640847),
                             float3(0.08734433189957913639128893844875591179012845678890, 0.70579595526141042731610337587502179779869865245505, 0.57978247711926565051125783282066519834336251248101),
                             float3(0.18581082222589527068479518385306950634503973550632, 0.19474054410522570299804705977970035757123438624241, 0.95835095785042711654372513381299165963454368387773),
                             float3(0.96737912817153484554654074404444856797376233762590, 0.10570605110437747775326503353192479986619208568433, 0.60288176407916193585443900281653579654063982274111),
                             float3(0.85196020941270815986649535141910768786242860010706, 0.32667943358081265267486576995143906624813798519798, 0.36074062908862936042270185932667491208339759377030),
                             float3(0.64189165531724307899826301034290289651886643989008, 0.29116418426006880269146798195877986186087205209377, 0.24033307316443168151677226997227746431284187116502),
                             float3(0.18304275200919754613043087559054581567351011762094, 0.20901115931038494398498962194015374223763219719925, 0.83586506710293832316553484199000223118073139684485),
                             float3(0.16335089808060282396176517983308970759117612980745, 0.43650057060955494634656826182470188817303394455149, 0.90091691256213346286796358460537107252726288041775),
                             float3(0.55005131627439319953366117967393738624439900118674, 0.92207379937657462183194716127515353836873023980960, 0.74973845576496195892446118238323879239681459661967),
                             float3(0.89609467078660093261688626768524268380591626891192, 0.48395107922207482626668763106455185588634042761670, 0.55515056580573450211513671459081866434302650793570),
                             float3(0.61135119638701374653364984679732480196390987396901, 0.29964942087727781219489683139146531803400060685759, 0.49833671184271692305617357369724980411048997183545),
                             float3(0.11006720748454499020211115141736915214322395032107, 0.02049919775582263943113385917222693718016225510000, 0.12325367027836980224474819262373213846619716923524),
                             float3(0.27608772320342284588044620584444005120366127571755, 0.11919902323316024666136811413090926198688778710647, 0.69229591999798749287032681210164745992611130476922),
                             float3(0.59497132888501342683428042607410143933997783667874, 0.49214332959016216578402743973542763863151132672805, 0.44614846849311085062184976833679650057326841384293),
                             float3(0.01831392413878305616763808220709330156197719256543, 0.44300587039299666882900577688621923468541240792854, 0.29709073441170206588192777995316391248491080497739),
                             float3(0.13269310420602130663007917854743524537519523719941, 0.42178538401868408470162407784338869076550375569160, 0.27359882072819624363693940966040177162414768428686),
                             float3(0.37459194131184874352600710958105733263192535114352, 0.29220570596002437971859217436872716829086930736374, 0.11184051965099153004417207882414556667992799891817),
                             float3(0.59280292281673756061301603981228285849952361824107, 0.66155024853647517442916321982783299153410491053703, 0.39175071948660808161400340325821934084760670541346),
                             float3(0.52325663570980937154593662660394495266262002712348, 0.37391621721928553010079409504579644708768679587612, 0.99428506062039747671568458190085171338179613552025),
                             float3(0.69133581588156906138485127929838190868423143645404, 0.52193321431875487498517811451762844399406526490377, 0.34728094346304462763477543648664860948718897298152),
                             float3(0.43102537427981025917701338528156545340577115225283, 0.09807019543076253095843525004853107989447929094014, 0.61738473392053661805185962160437143336721875679874),
                             float3(0.04746580347773333642641849791199330486560097370291, 0.14189425011486730171324043445863360999554253236052, 0.24668715069498385699411818230108816730000895149044),
                             float3(0.49576818737726030546683172668322483507068803313241, 0.54459153839083030298751692680784517918247087561473, 0.35287579829500231121766560285778318521029474298061),
                             float3(0.96442343860075313533359691706900366907234555252905, 0.92161052786268981917207359690855523023079504592867, 0.69149803340745938385216148169802683802772650309226),
                             float3(0.36262181300191688315180714625629242612338355994107, 0.79331653765543723091085495786918425054243271659184, 0.72707150192425262163999156354695731930304843050132),
                             float3(0.28796281229206053217787860960502937793697910588766, 0.19662775008858540157921166162863974928329648022141, 0.75898223901672058879525401922753824720518870898353),
                             float3(0.29992814237988294557097555602612567687174526253347, 0.96577342508581368520735251507196288576584328001430, 0.33846948424964537364713590236367117903665722641603),
                             float3(0.20729452341117895421201419962460249834205129521535, 0.90355693993268190581941469423711438155514902365891, 0.77635798880803905267778225570420917043836977554378),
                             float3(0.96108120788514729915328858177693164589018353517416, 0.48419788977597038816940595114182479770947374945315, 0.52245047891881204934408675958165476667971087894870),
                             float3(0.24854938276012712268312162073927942026253136862673, 0.48779698647471514786563029083793176736782249868298, 0.58228746081964610900788247055186013889639235340115),
                             float3(0.17787555095801495409081086774980066185902253894954, 0.50947022402780997392234142367800764707614801716910, 0.57522685908275706678770671496256946873118839026120),
                             float3(0.37042684798433828776442317651078960468392888635500, 0.97684405793836819828100261470208172591996906753841, 0.27263771918377583912904034099013439989713498788997),
                             float3(0.48378595464146542004874350066606519076844295494957, 0.90864458371573737546833703402509961556601909095847, 0.48974544620828826045422764702400013458205017592056),
                             float3(0.66897082486794133164056552312341992946781523244717, 0.99041626171404930642253718826027434086523916681047, 0.81958954896915769480066286245695976564484885823630),
                             float3(0.37225716865458003149352485868119362870856312902139, 0.10234245965004002184603149463307316953689815110060, 0.46929357872189256766872188348544000868284741878020),
                             float3(0.72519999307364716498465267834561705485663821054968, 0.40499972663985018466479364997299923147786600782174, 0.03717285847340737748264818704555818057135024163445),
                             float3(0.22094648221662125485082684726833851049162505657525, 0.29853495752307683580090319437776242116150422740115, 0.08106702402051016013507284857162327392360336476224),
                             float3(0.62352735203250227729258038631342911580978219091912, 0.30987530508352002973960409923796535875158964973766, 0.33193181988314051835883781898153081466213277265213),
                             float3(0.98629443497881247864620000046640519121377365316934, 0.39520693279584837734645037380628027667321352509337, 0.35554709425367610881818764136362770051059945546231),
                             float3(0.63334495538549608603226696557283760677053543260333, 0.90056602501319054087682135907643209890225347134756, 0.54836393764960695294527618144825725007108964894401),
                             float3(0.27824810439317200161747633024816500284313061899281, 0.08641561407940643526253083742081415363912374476860, 0.70313582220203978103233911695538366013391222063466),
                             float3(0.59857681363816168352976961579605848330815926140907, 0.29082069364553446340658069031340750651996068591329, 0.72514973081926626142241038119760967678814671266484),
                             float3(0.27120901970934216417194353581229809074934576743312, 0.37380611123408389755795626885863335788037141895427, 0.24628706789848454886513112592707629074574530660227),
                             float3(0.11719814873858475691963028563933158252480092563125, 0.99016511835117593308151414497561132480694845376527, 0.44105690179584545272013493182183243258209938324129),
                             float3(0.12244372637255208343615833595359608179260483809615, 0.48109118719972905053327305057223761072837664045755, 0.48486124922270996767434955326221478948236085970010),
                             float3(0.00519602393204897590031368387380841309584225549462, 0.49041612291342535311918143467318355191219879592683, 0.57814195803003404241340303088886960004679076924290),
                             float3(0.85729228069869899589420745413129583631693169177587, 0.87982160181646400757794459637001525359790080918326, 0.95320384095363362315196555608613269817042232596637),
                             float3(0.96794281464383374417553195988586668741267054627068, 0.32808952693114626079056616649087904548435259900982, 0.28658391510472075624251314838599161621398824121983),
                             float3(0.16195342275138645085134652012150678176963659461746, 0.71997751481871909730069727703457498772278237607561, 0.43901703864529418289403246983878602210484301926550),
                             float3(0.43140537480328842325656094779753959390765113790291, 0.79629773754335756928541573250628088988314407254891, 0.30768909603171031538080199083851616140224712700263),
                             float3(0.19274203862439043060010634128138667631537955912436, 0.89463271137389960003560958298089433514570317899572, 0.83421268178706214961431901996977514975390863878253),
                             float3(0.87043115972129538008046686057272213684842637791817, 0.82945597256786194596034501993086180406037014023762, 0.38615702605447659439779192096343161871018852345870),
                             float3(0.73030201974185675796138950394309362511448304256032, 0.90740263357555238984970437183547601380508459520550, 0.62590747048989398911918726477928752328933233024460),
                             float3(0.77004382733043020291579617928691345911342726244003, 0.37909541566076496541570442264133261451251212104149, 0.62219424228943714601612307386773815181676141884182),
                             float3(0.52490177656671902037884126622794054126205457732179, 0.98311694655824510554441346247657489185181978089984, 0.38103148561608599951325084248570083480067386952096),
                             float3(0.69920050683809685379102935945698529765299079733292, 0.42721419276490108798786934165391010104067385284607, 0.50003080323802269774562067827951727734758817138697),
                             float3(0.64691534220346154590449649097361665236971041872507, 0.43532336632942804256542094028664998586460458748887, 0.10146200248794921527064968379931383566404941574562),
                             float3(0.78762393259789341386345813223474297147169954902787, 0.04257456674552261421204210578789950711661594044487, 0.24298237641518919517678425113054231342792606275003),
                             float3(0.69179821130139751465126838338048890042570589231115, 0.79523289905917708676704335465174508084908955553428, 0.59598104840299184653039305035677489536736738577504),
                             float3(0.24418675485229905842487529684724899263374043305264, 0.18659767472148201932564071895618889391655639434596, 0.27831145899617669159373669621684849373284886309831),
                             float3(0.03291734065179773628656013963574197715680283807351, 0.21501886200981622794531452446213935901992377915928, 0.90614586955174960747207410383828762005405593026368),
                             float3(0.48351376119584429011556911514504762159444811115547, 0.61681865204476604454452450528742081908993093382286, 0.07916856045756928458184264738625333506854520136199),
                             float3(0.94955075347848555188848621628689526576010339065620, 0.17893384549897382296812430820161278408394516660071, 0.22931636665433723301915085201641057560392478748737),
                             float3(0.99072520886732343871304170077548599795291688935922, 0.77241303597067089385234952942874447239148025867766, 0.29828669435414675575500203575026599314500178634618),
                             float3(0.35535240114490861902457772008261662448189856791958, 0.84363341485583404317086639724329664796275344165573, 0.68211241488297768329448609056117748639272612418870),
                             float3(0.29926033615355534734658060067411410786067007575694, 0.92690326696719818724996978080961413650834233242768, 0.91152078921400937159109510240153963456623639396459),
                             float3(0.35187821872839625250013877466530935806633805002121, 0.70800851401798833765288357312185482038212054208105, 0.05362570147815198440200506443261095182071833808927),
                             float3(0.19548579602886028185802012027114505724725933400003, 0.52128164397056957465157010573796063436209166765981, 0.39346084543840821407465148954553716230896878752439),
                             float3(0.70727807579099636303394389827135091492249393047558, 0.07805253057306122457049079139658110416261699493746, 0.18822498648143042539163192783496221279313950770653),
                             float3(0.57296308401579816836941641730442948094871923083777, 0.11460440507857540630598933816243843046965488814886, 0.54672408685582741483879828985765462999713873891724),
                             float3(0.13441803052877142909955582693129985240486565374319, 0.83209499013991104758116023662400484459555238110742, 0.84114501995731544727762517643051560323837481099726),
                             float3(0.46304749101796294717151188467660189585486598154194, 0.22007097114232109369046489691418465081513766773531, 0.51251037063152952132499352218852664992018988952490),
                             float3(0.91945875502105087344040377881361803296626543759142, 0.27706226497583292631767749761278002303177760939661, 0.25217832311620740825713560198714852185748233329568),
                             float3(0.70984042368133253452416641688251528516661964352929, 0.41838545405522126211184097649645170119812830959360, 0.86458499962142717574414263319872795658982491933476),
                             float3(0.98971448386686244275574167804175293506944997162487, 0.94045661010356215961514998379460794132140707210240, 0.26204600264616778900160550727468581809608979454482),
                             float3(0.31051749067741087598704187413849595305431053404294, 0.09470587958116574750029596340211342776954221504794, 0.11062031075284063544310292550258238437627025041831),
                             float3(0.13466470090947463623780959852280080178508070267363, 0.30273724975699580590410009265875658585919997691618, 0.25303249590017638895575468807492296638944846235755),
                             float3(0.50790550659850165476942321535462012847275674956692, 0.66572435559298420705007172150730386992644978113367, 0.69708803612619855229774219720550442956685512199672),
                             float3(0.35141872218925817942654112794775584547238375243188, 0.87499188057600122206150773883225831080127812314528, 0.59684424031614139028216194989022714182060869048534),
                             float3(0.61100338910986470674711519288785864440152127026215, 0.38732754044660565920325229666735348488311967779501, 0.89242750286731710415380741333727523434718549367849),
                             float3(0.28138497983906003998645899687175023984455356027931, 0.64971835966890106652328911881821670810992433134457, 0.92055932159086258675754402910464700698250905654029),
                             float3(0.23726995776500910734861012386193704919486518347755, 0.87093806089314746857865921631754915825655526356989, 0.55075457718183341680065690884368734782137956094606),
                             float3(0.79046531108977860624002099593951807074056478594855, 0.47720079331716682035938104351464144540138317236751, 0.61959657578357598346731041342612232471305299486893),
                             float3(0.16095076301102221254944696957794723960164882776332, 0.27381726574045185829547321576786402211953486336308, 0.65081491639718055832299654335994406612681329986883),
                             float3(0.25558188859886948546702498749255820091515841170970, 0.68788082489023353064520248335575293132991247167762, 0.09127227128803455977440601531090719682026355678405),
                             float3(0.92379899009943836150139313739995889412493623882315, 0.42938532347497296601047934710769675189413999441477, 0.98458598794106642428891945875541198251226303828758),
                             float3(0.63180489659008249219967999638511205134274773710117, 0.38747666041779906556604016326952417457965935812796, 0.14578272514715089267564314537911600472948383860786),
                             float3(0.27306028372160054029381664381921593751025782336844, 0.97395584775354142716328802507268929636175054970107, 0.60271431679847631470620519447024452387850869575286),
                             float3(0.15951705294772961413363763423065445602695713179441, 0.46961858398006018774475782653409453403704229165301, 0.03499008379518209200857487246525861117926823832599),
                             float3(0.39559840049689154445846800097236719739584385112500, 0.03085947716072870149331875671667494390407850495435, 0.96607571932023043936546752947072346458819738190695),
                             float3(0.26737825265662245932062851211673055256901676757158, 0.45086041094549255360945666256977664760904395578635, 0.48444009331787009623687029228490686765873762211712),
                             float3(0.22676463541910509068350206654532676271636448623411, 0.53212510199216305200097649613786072690434564903260, 0.10737783893292013449473822350308661350524022911866),
                             float3(0.69514451142762859300198926984797497136789156437249, 0.07118586564329714151676050229299285130940082255835, 0.60806646329271284816241741619582918430468088504983),
                             float3(0.27019445761656482864411697127064797420997159711238, 0.01097641402165246835743903357256298437554722952376, 0.95857589967762439182251059049647989295250110509832),
                             float3(0.02890223249104527444980362119633994666884777134644, 0.50014149643337748528121540779773493416058660057080, 0.56991819079370610570572234673963112488717914551353),
                             float3(0.87243559757576568785675720969939388908052737774488, 0.81343848050060231993405381947827512716425006755157, 0.10838551514608791750292901229161210215887390388783),
                             float3(0.82681622538587536482872258823404198061992334818392, 0.67735539009983098558676388274898888772022315211370, 0.90449326854708831190283337231548185555326441087688),
                             float3(0.32827555248721373331894285839755871620367627564125, 0.34258365924189561560775020262579455991295732968643, 0.68646776851404634080015509560499120396712031359889),
                             float3(0.80406105626283325766007186005707066873241946039940, 0.69405099530438042569506500408874567508109311921476, 0.89832190742163519830991821876847247528417972146505),
                             float3(0.51978893720101765039827864729682960564584646076501, 0.99171188601746338125806457294930624831663736525275, 0.35261242588959817342809478544621337803293512068242),
                             float3(0.44186017326207315914055750896840526899828550226178, 0.75855312626020936907239064825822572854321705158023, 0.22459413853658883064520607680145830486396865648380),
                             float3(0.46251470372583092057638657924866860849266104873586, 0.31905774729546448796722744218461199304235199258229, 0.13554674461672520573101221425571147513156481730292),
                             float3(0.52365135876142235185234081347138421719203827245977, 0.29871524346508201149942492544565105381980919929326, 0.12291804650421482431222726172527320098714727689241),
                             float3(0.73291057543360073429630199126342293307263800870237, 0.69049783789727158009916613039719811493664304359175, 0.09338695746933659206823740762986381556503399698253),
                             float3(0.03850037161869628112787715588147109336197558997376, 0.38193826477722212816850290126644332812145065418409, 0.34699970877050546317252505726601840819251778054308),
                             float3(0.19336473095513198123936703734893886298909550218373, 0.25298176837785372345033407183155452814376437643848, 0.05137710654548056362517397275515703038630476929653),
                             float3(0.15745040348981517176988599795417152396333921248355, 0.97757373998810460005235744136829978773665343180772, 0.38195570837826160244477401927818735308380892715773),
                             float3(0.01521051856750615511007521907787859934384578091419, 0.03503810526402261421150233589333312163882101593320, 0.34879246319162272539394167584285702827702437106869),
                             float3(0.42838496273125809341206971260398285821355510272290, 0.65002888479987349310771308435503602336724827033839, 0.22711800335669011627373612698823656081406188756609),
                             float3(0.53029871394513380868659911195753719494739255808234, 0.96105263564679235649460147337722838948840653041033, 0.91766454867667618004292938747780551322903768749035),
                             float3(0.68667282399770169948439742208633724053566285235335, 0.01109654350819792735544924965097173627858279641549, 0.51838765333474433541701751374428961127245978907005),
                             float3(0.56555869833020489054820457236291886276825053101108, 0.62669246888787621744915572985827920032992169160141, 0.28306728816311694012785868046325369056825809903212),
                             float3(0.38992271476072405490760571762748464017703988141280, 0.97360978827639717243481345018880619971169963088034, 0.37013943357438953529664197391340281431017406958325),
                             float3(0.48062665544535520532730858368654848778443686973071, 0.15204234516441320557376602189266018607788709834800, 0.73665378591236410662574704639552320105888991069648),
                             float3(0.36300306168128239308302586481356810618060324009479, 0.95348940173631465973115571077917720104836288609699, 0.03419256697778971684152582141288596246818248261695),
                             float3(0.27314374633135904643086763809286391486915317263126, 0.28929050565211821096640244791852594973501287622072, 0.93250495271910058884015814310398566411272025961063),
                             float3(0.83344174795670834897055405892087644293125852085957, 0.39299445764397192142337854089021034946932551297507, 0.05422922453299399291925978596906583202668952248421),
                             float3(0.30735910396301858411510891943000292578514063157406, 0.72468428367204747337667195972001719379272151477697, 0.85733488217801353359435733833262017544045540621521),
                             float3(0.64400889655381965232693302581036315523560086358458, 0.13050665902718135543085530956183739159607430653537, 0.86143904879454964864134775348690192682751309534382),
                             float3(0.09399073731805415708861815429057455898935029437886, 0.41533274298498590369719144262335880594652482392380, 0.08670235571070023951327094747192172217050747854813),
                             float3(0.69523316149797049917095432766932312961030902975907, 0.40910344191728365760389854260964306193502037275911, 0.58715934968466800296888102636850871363303213205044),
                             float3(0.66111604217578333935284789590209113859068926211548, 0.20680590798684953154189826120077911123596726226513, 0.25938137269370915299980003408600686650306104715024),
                             float3(0.86791224264893350937898791714957115107842077303951, 0.55879243472994757967381111677066653327581631291008, 0.52251498262824731229370180558680504170322075980560),
                             float3(0.04838211850981959255450126904889573072250999120931, 0.75741937248347234093908783624591726040044061146012, 0.05422092026417983380262833354311370183184638302758),
                             float3(0.88100394856973144675100608482391479728086019459881, 0.48487508156497066321072780408799222172086830632745, 0.32964621504574053548375092445762710859405318297578),
                             float3(0.37340147484827903958387477049634725487497286641654, 0.13492542190936835381765052893248138541706793656789, 0.88366906629742098284295423471998624892929516074711),
                             float3(0.33539941250952584142987603818985469933012881186533, 0.82765143765951548393295985690352466321976199992464, 0.03083910143726276541432406029250756428246029163427),
                             float3(0.06235685384921624586945661864390356106352243676742, 0.21644525682375670762464308871570609352512520212681, 0.85317991356525170293169245782028059889374688905990),
                             float3(0.92384389899958831132964829302840613756198445793452, 0.14647324847444179910848571302686166835404902970827, 0.19478119210754012248326883142891182976878200115539),
                             float3(0.15327162786593285186595588660162545150331078435730, 0.05796367628985983505748467050869941092371078698138, 0.18734160581840412350113917724934746185125920002150),
                             float3(0.26447450126679748166970739039648806798573809896793, 0.81394931001375491308873929425109328228513431087493, 0.77433643303256814141681790467217170072821527071448),
                             float3(0.04813516622689852646930012012129882603268676384888, 0.40793908586773136018520695072905925366200664587736, 0.64531150553079547119015435582725720894547782510144),
                             float3(0.85170787834220828996611412159067823398023000469888, 0.82872018156642999644582125372834281203364250848486, 0.80394701183476424342504000734366718054496510011313),
                             float3(0.54449629020539811023740878321673183598456801845846, 0.17594544929487458416891244515849248499687327456412, 0.28215869320146336241148746826276818854666679742345),
                             float3(0.19601655183522442667819764911138270106587027898184, 0.43002456465733196585729328705421135281169604020056, 0.23440726388324654293285635200939191945398600059293),
                             float3(0.83652826522550327607299421835058655458017025030036, 0.16913940981780045598012683406684590698304841697234, 0.91148788333866394495633025189582586346559269723622),
                             float3(0.17855273826713880032679210990964131554047476366531, 0.82215422656230258977026852339977516967085993758979, 0.19601936382964750051595137773691790310707483869991),
                             float3(0.03111723257964828306737744773104315599601249789855, 0.40494319070368977194856913077606827555290201925885, 0.07230909405304236384050114741051373884413183149136),
                             float3(0.84988487739897317561007274856079787717141906897240, 0.23925073263857895467317553971874378463046789345211, 0.00147556942101624360318400707099915134039708664699),
                             float3(0.89703892815965263823224539000115109261902584696034, 0.91787094116517297398507917761816006875611065618643, 0.51450452856036686123276351227772205262824207602046),
                             float3(0.44264824639732583815049423583531172566457607295833, 0.91733645842924813113658785554107573106021313461557, 0.75109739558954899735993244231568688137826223995943),
                             float3(0.48354943562740147580282428771622767687337905835571, 0.12342688878710852867091861427582185578521235776618, 0.77133404526070468755460725829373195927266304918982),
                             float3(0.96581178454765952258892382075095063308093909906924, 0.66677936713435131571725025933484641387185544608686, 0.72708128935595379142531537016328384160671611192242),
                             float3(0.55196816044424041163341261779715609116498574609871, 0.05707667105672118120727415474993834222265717205906, 0.02293788767542590340325855491899291713935663701484),
                             float3(0.72031143691870074175683761899673049343541624021683, 0.22975745423336372433967065295328643296098740960416, 0.36468011757394174891024114944675689168895207591675),
                             float3(0.35340736582173265531337927238121651522635443697563, 0.54598709281535311089035594490291119489858744808504, 0.13001536854321283584892615529438236737478591899765),
                             float3(0.89976199366894664052327547571953224178971282118951, 0.96866709527418507380742628513595379487509285239800, 0.78413981260876542892099023007196497566900676960087),
                             float3(0.78106918394475864324197188788583910231557444739187, 0.89516112332651378669885314415872177401745391760049, 0.22722247989800361492705994136079115176615039673283),
                             float3(0.81568685489241819817049191020393952597673106757948, 0.93667107617349149573357864270658145980168637763319, 0.84893026415204985111971915770962002371432020896512),
                             float3(0.75401280965095963328486229256611795313313791943749, 0.46237479100516209572321816369300144568065582523352, 0.51285522988850819561289416498829925043371729220306),
                             float3(0.74708875094400767866533751170955529020291217409023, 0.86694877177575824910128393983742470349434518894311, 0.65456618716514671222064302002849077896786126367531),
                             float3(0.28444605770671450331467246063363097078917352440337, 0.61753104445911903758502960990984634247440338553714, 0.90260559689504330390835005049110347139096718366203),
                             float3(0.89643036592241849229306277511739427060280274592701, 0.15161007859416519343514888233567439306087070013295, 0.17270644451726056463931775498478704425540249605306),
                             float3(0.04020460987689354388246334289065552514399118562034, 0.00725920904767097764296590808155688472064241327496, 0.23285131143475226419745375819701464727517109025539),
                             float3(0.12688310805570142780221746325859198190307980022086, 0.12640022632992945353930624080777204256402750628766, 0.95274850656854526325111309051136480550287804898608),
                             float3(0.46876210860187789256705730292320482260656103499569, 0.20906178501136010738529331172403265439352593157835, 0.53723948449747917389172544638891306981167472596141),
                             float3(0.15532575117821822051194570214037134121942295305147, 0.26443202168118012384615390265594709582927456995460, 0.73220078138988379611252952875718353170960269837702),
                             float3(0.85826199858300952322129638598330655580318049494663, 0.40717818822867120856072171655484547372620147406067, 0.15193608850696939224450064000465380995682256821022),
                             float3(0.83262561320398629224497027590349877696759469833557, 0.80149855184181478998448057293753233690122827758654, 0.84521781476901613980724160439759680979363331961257),
                             float3(0.08411576192507124841595340065913430616008229080817, 0.04212812625358425936089462115387249588991069371085, 0.52655590505791466081290397699667004782727653511052),
                             float3(0.18405696418635527356658322324269742392150236845542, 0.65873164115372387579776840732976061117201679202090, 0.88802083233369590885981721258508826862831727658687),
                             float3(0.37636060594738483969126200728671142409000632328596, 0.77406337635133677150429286162216128581692554884498, 0.01370452100501680114162748159578240854925963059572),
                             float3(0.42544820486764286629922007064583301544661245374794, 0.56755280106796570831271053665087659431596611635842, 0.49831166849578834921239860228765262163133202021160),
                             float3(0.10555005710640895300387903668395458908516494291352, 0.11941807305992189486620857792573971767468424543948, 0.24934492283529534851907399241392170946346084175656),
                             float3(0.38982215651154213183870127483770646342852069248517, 0.23102133233379593846530954662961442407332438532450, 0.05403689867411865318644450539338853766305551569274),
                             float3(0.51086203566310318898395007750458084945072149972871, 0.14621701184086108416304313114363998459084712119332, 0.44243811896171217508769808224361141168805373904423),
                             float3(0.01962155074641761004377563555234095355846633107342, 0.76225062925817060077153813028535392598468789927611, 0.36100801372521076034692452890876374247579424767639),
                             float3(0.60498292951986285957662500118058667868424477125965, 0.06862135821723117761041607454342012937273835247878, 0.02775878967485114697395834473367378879530310858633),
                             float3(0.63152658777392089205881432695727758853765991107994, 0.69498029645270892435332756065482753907956878371178, 0.92834335059390855290824486920847905973183874838275),
                             float3(0.30005979405822968715060292639810648071375107063279, 0.08568224646652308155971069005986290975899671442657, 0.06477254464569008859683302748724506837807665746933),
                             float3(0.59309590382793020770545869266252591797668633871524, 0.38110554055318922079793512921207824891259968794112, 0.25866580116557467329654354867860963531756821076472),
                             float3(0.60267486685416535697674749883960239001244887984892, 0.79733769427988356949088989890121843451209847104520, 0.25943208166423101521938262142830843652969397308994),
                             float3(0.87701532924625817026049937504199130195013208280154, 0.39250431726611016484305844753463021001185706122695, 0.79374446795896976657427339373236405415347011445469),
                             float3(0.23564131934267898463204899298937688547475503985080, 0.23842758826274159383261301005397745736064999162110, 0.58883651038480369043438920890959517109484704695431),
                             float3(0.12969270641619509841609276044698841633472860738623, 0.44316485089989539924033821255317723958757929845561, 0.87997337405347221920074203230296231185072534881543),
                             float3(0.83945476319591089181010166287265297406221844510713, 0.71213008348644313066954112615675684200172409805798, 0.95428376032166177364676800186323387920467761198639),
                             float3(0.92253180982659063354116022934774127117790002681271, 0.56283805134669334995826570738140235122790426761214, 0.94538355042575452394223702513230659763839890648358),
                             float3(0.16849662610076733724394487382682860842158630259109, 0.32688485345936630838932327763685321647096659852321, 0.27980919703062131989683907687396026148637935039274),
                             float3(0.37981475945950030088589665731018975558449841310426, 0.71395171084025954827005604248549701841100943538223, 0.15620452933726562272890296854978303600131530901883),
                             float3(0.69344876040989760954061210821719128397823689438133, 0.45251608672436122465203182085395561012893025414549, 0.60634915061413227463104302045938779851737640983090),
                             float3(0.45878964180906439252138132415930693514049866135837, 0.72776623583652309951243963714892213572904125262937, 0.63617047177900200864307370903377949432734385390675),
                             float3(0.96785312028855953643357043961077954028530843853077, 0.73674646874266204872118034165946410104563685710651, 0.68442208719985910853122421215499658011828507467020),
                             float3(0.71833373349544272319140409057244016447440020433413, 0.14819979825322934990494691521539120476547067375378, 0.98787827821415351605864943759064936131120724723910),
                             float3(0.53762529657530387280975883760547532481590558152596, 0.55048749698441750407670483194718012050223706785487, 0.74070220178217518310862955064419666289678184186527),
                             float3(0.91906818342332963680313856606425108890312073616440, 0.47659583080910392829575416399990745054364457922439, 0.45726030624725650034847687171310077721941236002393),
                             float3(0.27504077193455151595350160214140282490345099335354, 0.35731160004346328540406690460405749951081425238192, 0.32161863701898778125480777701346268302436135562958),
                             float3(0.62492372678033146646048837361620718328908289723429, 0.08670406368664415437909195282370729791899719541026, 0.10879048904672010859654576623831955673009752057248),
                             float3(0.15054044110935871070221955493808365782014223401548, 0.86621397320041084350043108610087878592871024745637, 0.96850283642265556633115018114020554060286257005767),
                             float3(0.34523562421165661528373685191402163693167747493140, 0.26174230286692033316879871533191425851215991362641, 0.91109742477879507694624906362666043525690589456139),
                             float3(0.29558207476325937338654396589974736433194726187019, 0.30452334186806753958408757297419952964166738668030, 0.72623611576540448428015201996093742602098847122242),
                             float3(0.65718789903493319564391639330757770705894035734019, 0.20477291735188392775885277244827777999725848116702, 0.69296594043645164063209544454599603929556064509732),
                             float3(0.82959951416999752764938577104857640703186590939360, 0.65639907984573738659114691763953615375101608672691, 0.10253164332478815308793277851829681066476763446767),
                             float3(0.05725642566098059295240007234143575108695196707427, 0.19158878929825229717510127239790574241730779785829, 0.19183793717651048537292825270054240109624978969022),
                             float3(0.90535743161927588676275045345203208849781994121510, 0.32307831542570113930897336221975518074485300766268, 0.92543165941085077733356239676727171070019431397265),
                             float3(0.08876118079034556245489143151274823414607676513853, 0.48591976471506481880085009997267559266527033812305, 0.90433201564067110459157089823014366084203181160883),
                             float3(0.65979498019434507163635279371084273675531533058497, 0.85052354064595386527661319316152032701916932501427, 0.27074517299052233480130626359225082630737429821243),
                             float3(0.39492098162569482946189231846663315330247249300332, 0.75053605429645538072886879139632163564379263445252, 0.38684148528352306569514682062964859158670321174529),
                             float3(0.07246038631224949049632028436590476105821848559915, 0.17896391858302456008042493461906742598061956626942, 0.80022234174750832223215949950858279432063886471462),
                             float3(0.10493916353109449657392375924706987701278447312853, 0.62876485894520216626163219580855831438265500650565, 0.28619629937365553796832239528008590778226665628758),
                             float3(0.13635382426858765559913708383737221214715013834162, 0.54099993609389348370434898775469942782912619589073, 0.95523045122187720230803063123042560413838536710425),
                             float3(0.59778151294486698070441469194427911496095785897888, 0.53194951315387140087437489323293746704711852794751, 0.07675250850757057166846727016875212718935517260425),
                             float3(0.41731992953951786779814927326295646168053538283488, 0.08265386908170908511320999126893059163367607034867, 0.74878012924792093518570053589383865067846058371643),
                             float3(0.23375275050580676250630329751807229083876697275480, 0.01438452480429268683806676033347298436821270012665, 0.92910406030510715147950393198584683978625326692056),
                             float3(0.95346514468483171829667604254073203972514460634662, 0.01470353478729395553641047327472252483950866060690, 0.78979622805699187520558652826443738354838337257990),
                             float3(0.50347756179018596596086021378917917295604098434794, 0.74504557811386299186976829275870170346096774426565, 0.78151190992816336790387917374037039031844410800403),
                             float3(0.65618838889447694775710594626520512719424796895650, 0.24907365905982708831468364898741466507640254791797, 0.17341592575404090047431842705516222868554307772661),
                             float3(0.59403338691870666925643773412894619678083599817206, 0.93742369933669427187192391100616764453397248439109, 0.58930477017822830020715710712519168044572108011272),
                             float3(0.59976147134987205160108642878707608424052188060221, 0.50313609161330236446982762127478131483463278406016, 0.05245392070483776358502259998318836037072690558144),
                             float3(0.81999064737140717327231887161748055803113710844288, 0.55011301760837310731854860115726036788121098735020, 0.07648524018708044693500341744646621724958072154362),
                             float3(0.60803807175218609537904733248166655356214059487346, 0.94878413565404852386132861776543731281290702136363, 0.41174099697983853934230546957311643847044959910897),
                             float3(0.65194960707807669989397601141837744082673655913049, 0.32241759887307390084723166881298584899148946487914, 0.75988308632793442270525027649591748705657689700734),
                             float3(0.88145633786919776506001297016337589476526252695864, 0.66935896535613612584731096556653540922577229667343, 0.38711675599366184791577266354525584426586121304179),
                             float3(0.69690525922827309597576355891566658873613436161069, 0.07185893007256583714866917711875585963872443124498, 0.46366987522222272489601904819545139094010473443777),
                             float3(0.14532438334318664093580890426716617907479751525520, 0.58169491488383037413691475405293449243437592895231, 0.14699793525442607410591437471645709093185049449518),
                             float3(0.65671111852422114290484430758142842124913596837894, 0.96847537029549610205800106900080358437407802172239, 0.85766217328761397183971321662955766525507621548986),
                             float3(0.99419412619856811692834045520446793928146387468275, 0.58954019493641143825204008461382659700990243874044, 0.45738715238803126292697447388286111352073809265040),
                             float3(0.24840322369165698898594580463610903306610894577760, 0.54109933241188655712837388800530024381204931774336, 0.14833227496233530547301784663874468814582018632388),
                             float3(0.52741931529352880655985727118060407801260629347517, 0.64846957893164175647162792690643441081478102435219, 0.41372036136313723765278315404613321616574957416359),
                             float3(0.77930978352412845784034606634975501363585965846341, 0.55436602007407560265210507894722209129900659325128, 0.64205777930540050256840057624250192688949723094386),
                             float3(0.48820220301576647909162105755339097491562088564328, 0.95428918383072856408502770562258118985653145118479, 0.78434890611284173237739402165133400206924005627119),
                             float3(0.50925464672086777388832195298908963653711874093932, 0.95015821696055729662562716160303641122043767248707, 0.74200280385711342385736813847682302743399991681205),
                             float3(0.08025077468561900838546235407383599799577962689267, 0.71173865453797054886916247808681939149530866093667, 0.09985029247236803112529820244307252074476036715459),
                             float3(0.80157861425067928459499957581212111485522996215493, 0.18910013819607005929009232431979415951763939405526, 0.95707518922778230688131090991185393204616645322713),
                             float3(0.31281818215270058396637648894251788363080030988145, 0.65766371949587641655690629600791390922722678504917, 0.81894959636703213376069253982976644864968511266181),
                             float3(0.58429750359072085713088358994869496531509108539484, 0.75351662008011486803334560894228660256117317170163, 0.30790057296269321450087381312581923792703601812349),
                             float3(0.05504756233379354511886544751044998081617247724221, 0.15752601754067135062840292659204039313721866036248, 0.41787813908783782067457051560885765850678503810572),
                             float3(0.98740356515206494766166709959759082112252147954841, 0.54326809361817710762131161721075132736834422850943, 0.98679664638569303576549877537932693480479931942734),
                             float3(0.90792596067460849251421722864804838537683195772136, 0.07767615241298179301587767350887010931876620165036, 0.12153958144848669363183021799917849511066609810885),
                             float3(0.87679436484703350035930702406477953108720350935671, 0.01387981582912112648644638025015926245344094594367, 0.33958569670522006561832166024118498726297854419254),
                             float3(0.22743692024053358323860790192144376393012496749343, 0.31538661427071565604926934948695075057537327223175, 0.71566482847132269337392394269356489921712345986275),
                             float3(0.43724496147213913686827731421856816262134436250697, 0.73100718039300616328137041549267924630997537749371, 0.37328139441514535299960951055242167459775817318086),
                             float3(0.77576678068700349965819264814387515454005627755284, 0.63409713491080111308475522023541056210452416718810, 0.65061594346330760152944342131623459717255222426773),
                             float3(0.25635539830877406890769505050276512790137186168434, 0.49483753723684734853697234896491881006001723954601, 0.41171248229012390222954518735064774385573458011564),
                             float3(0.52324775323433103092935385378518188773970728826837, 0.08763895038121711895322325254059793015093646733371, 0.43308098031249525619352968595856521049720664159551),
                             float3(0.19755011855420479919015728696561242587433178108811, 0.62337450346572931920323710183768224136684351177211, 0.03698857477324590843812130844798006575945577910865),
                             float3(0.04775834342060020086276436481146393133637877465834, 0.87162184021128047140855897735108524854686312532050, 0.59078233644791073188313538558346660105004986779934),
                             float3(0.67891940021323983782918724928215973311458968944715, 0.41445357323215188142888081374972730900475578309784, 0.22672669792212007293076876434539449991211199586456),
                             float3(0.63553049528156901077945212084839254777588846719674, 0.52964595972060661941488117308090810359649322546799, 0.38074607773826134909794364297212491319629471084776),
                             float3(0.22149494734664991594003938760881155086705312031846, 0.50119561582333096971096586609766775077520481392283, 0.06451751714128383759116667399576527400970736828030),
                             float3(0.85795584344962581852527979853554825006422108552250, 0.76902901014386400935206216594766087716590735795681, 0.42079002279011129456341676491910448791259006136910),
                             float3(0.09817308024418118977768198740955234584157991754068, 0.27246944080189719046952584070946256224431020768432, 0.47941666854876136235777245412645954596716597673537),
                             float3(0.23863613933680197081424203957991585476052453973593, 0.54201033672903438622446906893349637028510997566750, 0.21184217923627998759992720530515673840962187306233),
                             float3(0.79626958990439855037556355933434870125661969899470, 0.79543314190195121264288158176659523213290004294907, 0.97021850587745436309301825736065799417808506019827),
                             float3(0.83271246994789798270898763467911288736737753496915, 0.90331137781061568967814241620461723789463292710558, 0.40501129582208580871119951122140896829572599117722),
                             float3(0.50245069215189437096628476960982440905177721165933, 0.80561326997804094605783557118987976095093974204635, 0.70120895501567796693801622998963197612565078912045),
                             float3(0.96595774227649601066451356635162767815581884264655, 0.96789828358885352190958959452284905307222261109983, 0.32283185195598040642730109029927875001460153777734),
                             float3(0.13792122646958088646053756942749576784682822643546, 0.39766712156141985560103180226887119562394514095550, 0.15127000050599058976845696356041249703345212307013),
                             float3(0.65008170852380724574997714617633598028804957347718, 0.07605741067371848449789472100470333321125862324082, 0.00142707349356858970833419494624665455505874825286),
                             float3(0.55063848095115004139164436006495805176653979732747, 0.16640251644609937698310378413761960903433369761327, 0.48498677517899212524961515140401570504901363512419),
                             float3(0.17679617287557000817245807596857514307856684703002, 0.89388796520020988980704191791861386174859114024556, 0.18279335358039376255966386410766029341731068480594),
                             float3(0.03513100530939911426179828281295409800739849212180, 0.05547413194900995339178940849134617050449017571954, 0.11409306360810006996184220405756767922151343496725),
                             float3(0.02438230301317751070502660145389558574239822870610, 0.37723746048308590593854133676055032366825139221714, 0.32413039704924053219356513973020120008758239956824),
                             float3(0.79724107120500032733410488751470993226505401945395, 0.57444638356668552809918826376807491971069813189906, 0.41345872412723523626178716279553730797065555001587),
                             float3(0.02126526970630608209752866369269627848462611662097, 0.90281830192900768078038350600955251948052478859311, 0.91785935074014976338625252860253189926588335073646),
                             float3(0.29061538814237244734689421755409617042587139725456, 0.74119688285075547780229521560772545758203977313124, 0.99270328250600583706263042589202669380886319359518),
                             float3(0.27239013606444653619436550209640286176906836575691, 0.00540472356313435887527623057762313781758023562895, 0.53525520337344669584313460070449524656055446973738),
                             float3(0.58609908032882941585277042022263126688475571569831, 0.16672018382928585948138860331973346277327735124792, 0.46429286461509566705447623592382473594804727976068),
                             float3(0.81055582264271007953688054695172249997111708475292, 0.01407314796318577687922798285834289680914879199769, 0.10048049679950407874418141694899413396616620845858),
                             float3(0.89908120388373563917204810882179567188087858516602, 0.99398856177453272977620669179478012497356388178001, 0.51007239746066789677194702332414351765718132618749),
                             float3(0.52075109432058878782059286979111993624526023009847, 0.35208235120314358199696060019594528521504550003152, 0.22902016270098388453874798773761522897245555443501),
                             float3(0.91747160044608409847676370168784161149611106011737, 0.49405944981276846761409680072383697387279617080016, 0.33343306242985221648600054460900858314961497500653),
                             float3(0.73260910324258896329054702790786710839333887839546, 0.43822291477389863508290007980297519831588209088492, 0.41328454538850386312000513850536069512821580200904),
                             float3(0.30790721173928989759752358108651850016334463855723, 0.87864878219546031356852655401030443579891924330892, 0.76456845964510881792346249240016544145395875166379),
                             float3(0.77358305916168202545370351558050601983123900580317, 0.70987033190718053287150253888627715759467411392712, 0.09689677175394349987412117096987624542570281788996),
                             float3(0.95635080671285305273585598252606387896962969249094, 0.35614828272879210455235753185992696860294619954689, 0.14889076091133414700598100846510814347818588218225),
                             float3(0.93981511792392648022784336709229891988188072777280, 0.55445823101637607881197480344750533494781736051668, 0.29400615018400668688670095922741597660012565838693),
                             float3(0.67610584535263580110850956483776879460875798653130, 0.81530360207919147925467394675542414797455979017682, 0.78662990849970588818970980450287525438296933865328),
                             float3(0.09632449536824721238591613667745708453237282150850, 0.57570708474853742748858601688460369875364358301299, 0.05347918956106903245117127933821387271420529433778),
                             float3(0.54989844727137040866301254475548261148616093992222, 0.82671802733350096565658595180877628105314613663638, 0.79617194444385178277862233153430156440284937980937),
                             float3(0.93586310370819500234383574814755940595600345038532, 0.16504629898345379940120533581269245477991570756989, 0.26308396737702842471446933918738760045358560664419),
                             float3(0.87517252978328146648160806462829557208733113500192, 0.83947173878228633943514330503649521643552526962044, 0.61656158456537945856939658111823973293202479115035),
                             float3(0.22878148641008589717678343674036557420939252370442, 0.92573825527415037475809772652343701340148610820377, 0.19226432461634364851532577396511002513138392872070),
                             float3(0.24298062251261640857294475037412572426885585392508, 0.64858819684798521948984928634498764979768998424517, 0.49663387245816050737915101518842155338432530123739),
                             float3(0.66035599695234867168097536582420836795312941767279, 0.77790811457452243694335461533515347577138337027173, 0.93847176937640725982269920345349978040267938798019),
                             float3(0.30544699517391057146680331266185693570062398632434, 0.58294087008097330864499041056975535268008694709680, 0.14479702232494058482546755613825679174064006934136),
                             float3(0.84866724897318345437097754236379046956764937586947, 0.08929529578812369581443098575261809011093849624489, 0.74556763433423034233104678232152556964690519453455),
                             float3(0.01871418324401491203204994381080920490366351501153, 0.21620897397436312849857592152019425726525595028789, 0.97247586069740807739894226034389841721806188395128),
                             float3(0.57529422935782133792720703830875432231292089597328, 0.40956505087652209095046736056075004831011498443516, 0.18262256227786357367366216126078523342091500690860),
                             float3(0.14269699978207929503870616530380882536049072588613, 0.88026936360114699681707241764103993242443829952061, 0.79198851400601795237488508254278998243734905213257),
                             float3(0.44085408310614871833005009772171085380925688365512, 0.29251972333143595955004008874176541424157176027989, 0.43484869580221330693326090799101167554310730756588),
                             float3(0.99344333222742105439498863074501906541172133722949, 0.13189352719368312410942418151019793293072181066601, 0.59198713631157192387867004316652312733698323607662),
                             float3(0.31953541787534782782724903717568950122361135868790, 0.02223382098057607544925085823586499619557530965991, 0.62328384659719553320023151544706465182441980819750),
                             float3(0.46437140374557344785173930648186921546654501007024, 0.01564724781475441261078574559982520794540409128089, 0.42197513461436397176317084898591472269683545953668),
                             float3(0.41374905585310189973364745537474538344294298920958, 0.82043293399979312134199208907860660633562186655989, 0.05561456293613217224527416954010824260654446958545),
                             float3(0.77062029279969245786274907730877719228760528943330, 0.17555695520285976125444524558279619270830299545891, 0.21583659757178058884833148311576216865066742113368),
                             float3(0.12647403046840844129550142860248659240248440718788, 0.57355112257872744680307613870484236087293520959360, 0.21228747859376046355312876459062663305928948355434),
                             float3(0.38203382028036667993089278612694352442066878046680, 0.12737345596798086145842749634741260508085711425209, 0.74127117233717520914535853049987569430002385333529),
                             float3(0.07351442876890902294102014653373603661331299535605, 0.86067390160974908844794256895979348617436053624082, 0.56094840676751330449398498432657153225628699949237),
                             float3(0.56774320270656719968666378290004914682966544740095, 0.28637954211719082685494882814054440499087354180342, 0.84529133126665256484511249766129466943734856932274),
                             float3(0.80879372582961794330705102311140709172444947812772, 0.91676092027203507474416909124462779976644265352276, 0.53728771185518324290412152119200228466870002174109),
                             float3(0.02555193117164081278781632621017489386787070998000, 0.49445623233640387563079766466841004683888420480302, 0.58831672999431234567400767520226213539678806589880),
                             float3(0.27555382974592804756443433577423571035384292506158, 0.03816073573566384413109140916937064009785927445190, 0.82662894456509196173787011087374994061962182036930),
                             float3(0.37329497290285781456197210374790045401091353100787, 0.23678589899949657566694914084185992129050123784886, 0.97996011978783913579748416508283494285274439958905),
                             float3(0.65976017240499698630464762694170353128853313953862, 0.04107158550936789078984820875585254015148898115357, 0.46836549828680615758421003896087075584767476652328),
                             float3(0.16737660838091153776626910264062235213495618978647, 0.53523617594379712204881006254705339803581148184875, 0.55853447165699062741881768563463683940254369544844),
                             float3(0.68875088572118786169956272034823495497581238362033, 0.28184026498360155837080953484079441999868302861282, 0.60604638674126433623813574379290787024870045193645),
                             float3(0.31945678112811030159825211326338265984239072230384, 0.67738807810276846738810816067677185924728650593671, 0.43005517622834588463358312761792903759354895951986),
                             float3(0.23109310211206187748533390991462890353707932838052, 0.10670917189636796767254711471209796393254682390906, 0.35452518071904723379089589451611475718601973597010),
                             float3(0.90651371800721828500474355984214610387379406685361, 0.95864761378802078855580898463047891673041973161543, 0.15143038783688080671040607299092088162066068084603),
                             float3(0.47192546092129548822029042979359059082150121825992, 0.66658973805011351078892057280422506993524867291847, 0.81600913164963738770784682555475858298035042249619),
                             float3(0.76548789975914896615195331887650042940460183911571, 0.47179011736033745508520877513962085094793979971859, 0.84699675418487525022518184149964051873495609980402),
                             float3(0.62847659141822998959045521414994720834918972845340, 0.48693091118888885395635625275734046633195667406005, 0.62302990426573305933406618554150278587840365959956),
                             float3(0.35888757211983847240837152442032384961887620884877, 0.35177522382437419683750231059983276853347295398842, 0.55805705725114789306566839307796303542712728189970),
                             float3(0.06759677085804418085757739413329779426110509260285, 0.05356791243910184291079481308413513079812000485777, 0.86291207264630728931622105850013768926281130862081),
                             float3(0.48221628845865683200136763946020392645716279664005, 0.31830407850562031410565014595040863672505256066595, 0.75575152293140474101314934351504594500156876810096),
                             float3(0.06158706169031369134793432066436254851134791239223, 0.20233773235249038637352256495202572496926875083810, 0.63236952849173519088881146565576117889119185581874),
                             float3(0.45912010338141772458357207651370111887650950882725, 0.87577621661059476097115690147868883018181830945079, 0.82777842140032808407403929687254546135857535763376),
                             float3(0.94887759980218694739506779747329281511530800621347, 0.51817873705912908495627962958470797062036727739747, 0.51589162569364091328231689860177669050190727235958),
                             float3(0.00971014135165742108430323172965046999593931895445, 0.48946053315572207390266964949243904189418568036507, 0.43139377630983974816764106741412453443762056414223),
                             float3(0.70589884119749281088951063832950821722227378196684, 0.04868259149970106024571407676688780873642841381700, 0.26034859127996971062700862007107744092720008806206),
                             float3(0.57553789041750609714762020926131758223467569689474, 0.35573191634794991090204640537181944700716717248799, 0.22715244614580592850474593764483061315454224802545),
                             float3(0.23934425142456797628631080493315284693710779383567, 0.74851542731384741273570309131432075815749802559064, 0.93282634734586744077578344519840724755072085903598),
                             float3(0.62937981460050637117276564258363160752166331804910, 0.13171155631015148268014268417778533162846992946113, 0.79617732148014686956123300750744904061952243368549),
                             float3(0.55641688693865762429893944720922514548492589684621, 0.45113427572204347032252592121457595455521008222417, 0.26367497520243079016081253808141554472317304298150),
                             float3(0.35628061217665704258163961989387785830012380248596, 0.17038141289016663069684042467724332793439934913953, 0.28236058753539177517173237707669415689534263972730)};